code_etb,etablissement,wilaya,is_national,wilaya_confidence,code_fil,filiere,min1,min2,min3,annee,source_pdf,source_page
C43,C. UNIV. AFLOU,,False,A_VERIFIER,C01LAL02,INFORMATIQUE,10.6,10.02,,2025,moy_min_bac2025.pdf,3
C43,C. UNIV. AFLOU,,False,A_VERIFIER,D00LAL04,SCIENCES DE LA NATURE ET DE LA VIE,10.0,10.38,,2025,moy_min_bac2025.pdf,3
C43,C. UNIV. AFLOU,,False,A_VERIFIER,F00LAL01,"SCIENCES ECONOMIQUES, DE GESTION ET COMMERCIALES",10.0,10.03,10.46,2025,moy_min_bac2025.pdf,3
C43,C. UNIV. AFLOU,,False,A_VERIFIER,F03LPL02,MANAGEMENT ELECTRONIQUE DES AFFAIRES,10.59,,,2025,moy_min_bac2025.pdf,3
C43,C. UNIV. AFLOU,,False,A_VERIFIER,G02LAL02,DROIT,10.0,10.3,,2025,moy_min_bac2025.pdf,3
C43,C. UNIV. AFLOU,,False,A_VERIFIER,H01LAL02,LANGUE FRANCAISE,11.77,11.41,11.6,2025,moy_min_bac2025.pdf,3
C43,C. UNIV. AFLOU,,False,A_VERIFIER,H06LAL03,LANGUE ANGLAISE,11.09,11.17,11.03,2025,moy_min_bac2025.pdf,3
C43,C. UNIV. AFLOU,,False,A_VERIFIER,I04LAL01,HISTOIRE ET BIG DATA,10.18,,,2025,moy_min_bac2025.pdf,3
C43,C. UNIV. AFLOU,,False,A_VERIFIER,I17LAL02,SCIENCES HUMAINES,10.0,10.01,,2025,moy_min_bac2025.pdf,3
C43,C. UNIV. AFLOU,,False,A_VERIFIER,I19LAL02,SCIENCES SOCIALES,10.0,10.24,,2025,moy_min_bac2025.pdf,3
C43,C. UNIV. AFLOU,,False,A_VERIFIER,L00LAL01,LANGUE ET LITTERATURE ARABES,10.0,10.15,,2025,moy_min_bac2025.pdf,3
E44,C . UNIV BARIKA,,False,A_VERIFIER,A00LAL04,SCIENCES ET TECHNOLOGIES,10.0,,,2025,moy_min_bac2025.pdf,7
E44,C . UNIV BARIKA,,False,A_VERIFIER,C01LAL02,INFORMATIQUE,11.16,11.55,,2025,moy_min_bac2025.pdf,7
E44,C . UNIV BARIKA,,False,A_VERIFIER,C02LAL02,MATHEMATIQUES,11.42,10.0,,2025,moy_min_bac2025.pdf,7
E44,C . UNIV BARIKA,,False,A_VERIFIER,F00LAL03,"SCIENCES ECONOMIQUES, DE GESTION ET COMMERCIALES",10.05,10.0,10.0,2025,moy_min_bac2025.pdf,7
E44,C . UNIV BARIKA,,False,A_VERIFIER,G02LAL02,DROIT,10.0,10.0,10.0,2025,moy_min_bac2025.pdf,7
E44,C . UNIV BARIKA,,False,A_VERIFIER,H01LAL03,LANGUE FRANCAISE,11.08,,11.01,2025,moy_min_bac2025.pdf,7
E44,C . UNIV BARIKA,,False,A_VERIFIER,H06LAL03,LANGUE ANGLAISE,11.0,11.06,11.0,2025,moy_min_bac2025.pdf,7
E44,C . UNIV BARIKA,,False,A_VERIFIER,I17LAL02,SCIENCES HUMAINES,10.07,10.0,,2025,moy_min_bac2025.pdf,7
E44,C . UNIV BARIKA,,False,A_VERIFIER,I19LAL03,SCIENCES SOCIALES,10.0,10.07,,2025,moy_min_bac2025.pdf,7
E44,C . UNIV BARIKA,,False,A_VERIFIER,L00LAL03,LANGUE ET LITTERATURE ARABES,10.0,10.04,,2025,moy_min_bac2025.pdf,7
U47,C. UNIV MAGHNIA,,False,A_VERIFIER,A00LAL04,SCIENCES ET TECHNOLOGIES,10.01,,,2025,moy_min_bac2025.pdf,17
U47,C. UNIV MAGHNIA,,False,A_VERIFIER,A05TCL01,GENIE CIVIL,10.69,,,2025,moy_min_bac2025.pdf,18
U47,C. UNIV MAGHNIA,,False,A_VERIFIER,F00LAL03,"SCIENCES ECONOMIQUES, DE GESTION ET COMMERCIALES",10.0,10.0,10.06,2025,moy_min_bac2025.pdf,18
U47,C. UNIV MAGHNIA,,False,A_VERIFIER,G02LAL03,DROIT,10.01,10.0,10.19,2025,moy_min_bac2025.pdf,18
U47,C. UNIV MAGHNIA,,False,A_VERIFIER,H06LAL03,LANGUE ANGLAISE,11.79,13.05,13.51,2025,moy_min_bac2025.pdf,18
U47,C. UNIV MAGHNIA,,False,A_VERIFIER,I19LAL02,SCIENCES SOCIALES,10.0,10.74,,2025,moy_min_bac2025.pdf,18
U47,C. UNIV MAGHNIA,,False,A_VERIFIER,L00LAL02,LANGUE ET LITTERATURE ARABES,10.0,10.05,,2025,moy_min_bac2025.pdf,18
P10,ECOLE NATIONALE SUPERIEURE DES NANOSCIENCES ET NANOTECHENOLOGIES,,False,A_VERIFIER,A00CAN14,FB ST ECOLE NATIONALE SUPERIEURE DES NANOSCIENCES ET NANOTECHENOLOGIES ALGER,17.96,,,2025,moy_min_bac2025.pdf,22
P09,ECOLE NATIONALE SUPERIEURE DES SYSTEMES AUTONOMES,,False,A_VERIFIER,A00CAN13,FB ST ECOLE NATIONALE SUPERIEURE DES SYSTEMES AUTONOMES ALGER,18.21,,,2025,moy_min_bac2025.pdf,22
D02,ECOLE NATIONALE SUPERIEURE DES TECHNOLOGIES DE L INFORMATION ET DE LA COMMUNICATION ET LA POSTE,,False,A_VERIFIER,A00TUT01,TECHNOLOGIES DE L INFORMATION DE LA COMMUNICATION ET DE LA NUMERISATION,17.17,18.41,,2025,moy_min_bac2025.pdf,22
P07,ECOLE NATIONALE SUPERIEURE EN INTELLIGENCE ARTIFICIELLE,,False,A_VERIFIER,C00CAN04,FB INF ECOLE NATIONALE SUPERIEURE EN INTELLIGENCE ARTIFICIELLE ALGER,18.59,18.95,19.37,2025,moy_min_bac2025.pdf,22
P08,ECOLE NATIONALE SUPERIEURE EN MATHEMATIQUES,,False,A_VERIFIER,C00CAN05,FB MATHS ECOLE NATIONALE SUPERIEURE EN MATHEMATIQUES ALGER,17.43,17.77,18.15,2025,moy_min_bac2025.pdf,23
C01,USTHB,,False,A_VERIFIER,A00LAL03,SCIENCES ET TECHNOLOGIES,12.66,,,2025,moy_min_bac2025.pdf,25
C01,USTHB,,False,A_VERIFIER,A00TCL02,SCIENCES ET TECHNOLOGIES,13.87,,,2025,moy_min_bac2025.pdf,25
C01,USTHB,,False,A_VERIFIER,A05TCL01,GENIE CIVIL,12.78,,,2025,moy_min_bac2025.pdf,25
C01,USTHB,,False,A_VERIFIER,A08TCL01,GENIE DES PROCEDES,10.0,,,2025,moy_min_bac2025.pdf,25
C01,USTHB,,False,A_VERIFIER,A16TCL01,ELECTROTECHNIQUE,11.47,,,2025,moy_min_bac2025.pdf,25
C01,USTHB,,False,A_VERIFIER,A19TCL01,GENIE MECANIQUE,11.11,,,2025,moy_min_bac2025.pdf,25
C01,USTHB,,False,A_VERIFIER,B00LAL02,SCIENCES DE LA MATIERE,10.72,,,2025,moy_min_bac2025.pdf,25
C01,USTHB,,False,A_VERIFIER,C01EPN01,INFORMATIQUE (A DISTANCE),15.65,16.41,,2025,moy_min_bac2025.pdf,26
C01,USTHB,,False,A_VERIFIER,C01LAL01,INFORMATIQUE,15.14,15.9,,2025,moy_min_bac2025.pdf,26
C01,USTHB,,False,A_VERIFIER,C01TCL02,INFORMATIQUE,15.93,16.73,,2025,moy_min_bac2025.pdf,26
C01,USTHB,,False,A_VERIFIER,C02LAL01,MATHEMATIQUES,10.74,11.48,,2025,moy_min_bac2025.pdf,26
C01,USTHB,,False,A_VERIFIER,C03IAN01,MATHEMATIQUES APPLIQUEES,14.14,14.86,,2025,moy_min_bac2025.pdf,26
C01,USTHB,,False,A_VERIFIER,D00LAL02,SCIENCES DE LA NATURE ET DE LA VIE,11.0,11.89,,2025,moy_min_bac2025.pdf,26
C01,USTHB,,False,A_VERIFIER,D02IAN01,SCIENCES BIOLOGIQUES,15.09,,,2025,moy_min_bac2025.pdf,26
C01,USTHB,,False,A_VERIFIER,E01LAL01,GEOGRAPHIE ET AMENAGEMENT DU TERRITOIRE,10.0,10.0,,2025,moy_min_bac2025.pdf,26
C01,USTHB,,False,A_VERIFIER,E02LAL02,GEOPHYSIQUE,13.35,14.31,,2025,moy_min_bac2025.pdf,26
C01,USTHB,,False,A_VERIFIER,E03LAL01,GEOLOGIE,10.0,10.68,,2025,moy_min_bac2025.pdf,26
E18,UNIV. SCI ISLAMIQUES EMIR (E.A.K),,False,A_VERIFIER,F00LAL03,"SCIENCES ECONOMIQUES, DE GESTION ET COMMERCIALES",10.0,10.23,11.25,2025,moy_min_bac2025.pdf,39
E18,UNIV. SCI ISLAMIQUES EMIR (E.A.K),,False,A_VERIFIER,H08LAL01,LANGUE TURQUE,10.94,11.73,,2025,moy_min_bac2025.pdf,39
E18,UNIV. SCI ISLAMIQUES EMIR (E.A.K),,False,A_VERIFIER,I17LAL03,SCIENCES HUMAINES,10.0,10.03,,2025,moy_min_bac2025.pdf,39
E18,UNIV. SCI ISLAMIQUES EMIR (E.A.K),,False,A_VERIFIER,I20LAN01,SCIENCES ISLAMIQUES,11.63,12.21,,2025,moy_min_bac2025.pdf,39
E18,UNIV. SCI ISLAMIQUES EMIR (E.A.K),,False,A_VERIFIER,L00LAL02,LANGUE ET LITTERATURE ARABES,10.0,10.0,,2025,moy_min_bac2025.pdf,39
D03,ECOLE NATIONALE SUPERIEURE DES TELECOMMUNICATIONS ET DES TECHNOLOGIE DE TIC,,False,A_VERIFIER,A00TUT02,COMMUNICATIONS FILAIRES ET SANS FIL,16.69,17.57,,2025,moy_min_bac2025.pdf,46
C04,ECOLE DES HAUTES ETUDES COMMERCIALES KOLEA,,False,A_VERIFIER,F00CAN06,FB SECSG ECOLE DES HAUTES ETUDES COMMERCIALES KOLEA,15.78,,,2025,moy_min_bac2025.pdf,57
D04,ECOLE NATIONALE SUPERIEURE DE CONSERVATION ET DE RESTAURATION DES BIENS CULTURELS,,False,A_VERIFIER,N00TUT01,CONSERVATION ET RESTAURATION DES BIENS CULTURELS,13.23,,,2025,moy_min_bac2025.pdf,57
C45,ECOLE NATIONALE SUPERIEURE EN STATISTIQUE ET EN ECONOMIE APPLIQUEE DE KOLEA,,False,A_VERIFIER,F00CAN07,FB SECSG ECOLE NATIONALE SUPERIEURE EN STATISTIQUE ET EN ECONOMIE APPLIQUEE KOLEA,15.41,,,2025,moy_min_bac2025.pdf,58
C03,ECOLE SUPERIEURE DE COMMERCE KOLEA,,False,A_VERIFIER,F00CAN05,FB SECSG ECOLE SUPERIEURE DE COMMERCE KOLEA,16.02,,,2025,moy_min_bac2025.pdf,58
W83,ECOLE SUPERIEURE DE GESTION ET DE L ECONOMIE NUMERIQUE – KOLEA,,False,A_VERIFIER,F00CAN08,FB SECSG ECOLE SUPERIEURE DE GESTION ET DE L ECONOMIE NUMERIQUE KOLEA,15.51,,,2025,moy_min_bac2025.pdf,58
C30,UNIV. KHEMIS MILIANA,,False,A_VERIFIER,A00LAL03,SCIENCES ET TECHNOLOGIES,10.63,,,2025,moy_min_bac2025.pdf,58
C30,UNIV. KHEMIS MILIANA,,False,A_VERIFIER,A05TCL01,GENIE CIVIL,11.23,,,2025,moy_min_bac2025.pdf,58
C30,UNIV. KHEMIS MILIANA,,False,A_VERIFIER,A08TCL01,GENIE DES PROCEDES,10.18,,,2025,moy_min_bac2025.pdf,58
C30,UNIV. KHEMIS MILIANA,,False,A_VERIFIER,A16TCL01,ELECTROTECHNIQUE,10.1,,,2025,moy_min_bac2025.pdf,58
C30,UNIV. KHEMIS MILIANA,,False,A_VERIFIER,A19TCL01,GENIE MECANIQUE,10.3,,,2025,moy_min_bac2025.pdf,58
C30,UNIV. KHEMIS MILIANA,,False,A_VERIFIER,B00LAL02,SCIENCES DE LA MATIERE,10.0,,,2025,moy_min_bac2025.pdf,58
C30,UNIV. KHEMIS MILIANA,,False,A_VERIFIER,C01LAL02,INFORMATIQUE,13.34,14.0,,2025,moy_min_bac2025.pdf,59
C30,UNIV. KHEMIS MILIANA,,False,A_VERIFIER,C02LAL02,MATHEMATIQUES,10.56,10.03,,2025,moy_min_bac2025.pdf,59
C30,UNIV. KHEMIS MILIANA,,False,A_VERIFIER,D00LAL02,SCIENCES DE LA NATURE ET DE LA VIE,11.17,12.37,,2025,moy_min_bac2025.pdf,59
C30,UNIV. KHEMIS MILIANA,,False,A_VERIFIER,D03TCL01,SCIENCES AGRONOMIQUES,10.0,10.04,,2025,moy_min_bac2025.pdf,59
C30,UNIV. KHEMIS MILIANA,,False,A_VERIFIER,E03LAL01,GEOLOGIE,10.07,10.12,,2025,moy_min_bac2025.pdf,59
C30,UNIV. KHEMIS MILIANA,,False,A_VERIFIER,F00LAL04,"SCIENCES ECONOMIQUES, DE GESTION ET COMMERCIALES",10.56,11.72,13.0,2025,moy_min_bac2025.pdf,59
C30,UNIV. KHEMIS MILIANA,,False,A_VERIFIER,G02LAL03,DROIT,10.1,10.78,11.77,2025,moy_min_bac2025.pdf,59
C30,UNIV. KHEMIS MILIANA,,False,A_VERIFIER,H01LAL02,LANGUE FRANCAISE,11.11,11.91,12.63,2025,moy_min_bac2025.pdf,59
C30,UNIV. KHEMIS MILIANA,,False,A_VERIFIER,H03IAL13,"TRADUCTION INTERPRETARIAT (ARABE, FRANCAIS, ANGLAIS)",13.03,13.56,,2025,moy_min_bac2025.pdf,59
C30,UNIV. KHEMIS MILIANA,,False,A_VERIFIER,H06LAL01,LANGUE ANGLAISE,12.21,13.09,13.93,2025,moy_min_bac2025.pdf,59
C30,UNIV. KHEMIS MILIANA,,False,A_VERIFIER,I17LAL03,SCIENCES HUMAINES,10.0,10.0,,2025,moy_min_bac2025.pdf,59
C30,UNIV. KHEMIS MILIANA,,False,A_VERIFIER,I19LAL02,SCIENCES SOCIALES,10.04,10.76,,2025,moy_min_bac2025.pdf,59
C30,UNIV. KHEMIS MILIANA,,False,A_VERIFIER,J00LAL02,SCIENCES ET TECHNIQUES DES ACTIVITES PHYSIQUES ET SPORTIVES,10.49,,,2025,moy_min_bac2025.pdf,59
C30,UNIV. KHEMIS MILIANA,,False,A_VERIFIER,L00LAL03,LANGUE ET LITTERATURE ARABES,10.35,11.16,,2025,moy_min_bac2025.pdf,59
C09,ECOLE NORMALE SUPERIEURE KOUBA (E.N.S),,False,A_VERIFIER,B00PML01,SCIENCES PHYSIQUE ET TECHNOLOGIE (P.E.M) -- pour bacheliers TAMANRASSET,,,,2025,moy_min_bac2025.pdf,106
C09,ECOLE NORMALE SUPERIEURE KOUBA (E.N.S),,False,A_VERIFIER,B00PML01,SCIENCES PHYSIQUE ET TECHNOLOGIE (P.E.M) -- pour bacheliers ALGER,14.65,15.37,,2025,moy_min_bac2025.pdf,106
C09,ECOLE NORMALE SUPERIEURE KOUBA (E.N.S),,False,A_VERIFIER,B00PML01,SCIENCES PHYSIQUE ET TECHNOLOGIE (P.E.M) -- pour bacheliers ILLIZI,14.39,,,2025,moy_min_bac2025.pdf,106
C09,ECOLE NORMALE SUPERIEURE KOUBA (E.N.S),,False,A_VERIFIER,B00PML01,SCIENCES PHYSIQUE ET TECHNOLOGIE (P.E.M) -- pour bacheliers BOUMERDES,14.5,15.26,,2025,moy_min_bac2025.pdf,106
C09,ECOLE NORMALE SUPERIEURE KOUBA (E.N.S),,False,A_VERIFIER,B00PML01,SCIENCES PHYSIQUE ET TECHNOLOGIE (P.E.M) -- pour bacheliers TIPAZA,14.47,15.16,,2025,moy_min_bac2025.pdf,106
C09,ECOLE NORMALE SUPERIEURE KOUBA (E.N.S),,False,A_VERIFIER,B00PML01,SCIENCES PHYSIQUE ET TECHNOLOGIE (P.E.M) -- pour bacheliers IN SALAH,,,,2025,moy_min_bac2025.pdf,106
C09,ECOLE NORMALE SUPERIEURE KOUBA (E.N.S),,False,A_VERIFIER,B00PML01,SCIENCES PHYSIQUE ET TECHNOLOGIE (P.E.M) -- pour bacheliers IN GUEZZAM,,,,2025,moy_min_bac2025.pdf,106
C09,ECOLE NORMALE SUPERIEURE KOUBA (E.N.S),,False,A_VERIFIER,B00PML01,SCIENCES PHYSIQUE ET TECHNOLOGIE (P.E.M) -- pour bacheliers DJANET,,,,2025,moy_min_bac2025.pdf,106
C09,ECOLE NORMALE SUPERIEURE KOUBA (E.N.S),,False,A_VERIFIER,B00PSL01,SCIENCES PHYSIQUES (P.E.S.) -- pour bacheliers TAMANRASSET,14.86,14.14,,2025,moy_min_bac2025.pdf,106
C09,ECOLE NORMALE SUPERIEURE KOUBA (E.N.S),,False,A_VERIFIER,B00PSL01,SCIENCES PHYSIQUES (P.E.S.) -- pour bacheliers ALGER,15.48,16.23,,2025,moy_min_bac2025.pdf,106
C09,ECOLE NORMALE SUPERIEURE KOUBA (E.N.S),,False,A_VERIFIER,B00PSL01,SCIENCES PHYSIQUES (P.E.S.) -- pour bacheliers ILLIZI,,,,2025,moy_min_bac2025.pdf,106
C09,ECOLE NORMALE SUPERIEURE KOUBA (E.N.S),,False,A_VERIFIER,B00PSL01,SCIENCES PHYSIQUES (P.E.S.) -- pour bacheliers BOUMERDES,15.38,16.2,,2025,moy_min_bac2025.pdf,106
C09,ECOLE NORMALE SUPERIEURE KOUBA (E.N.S),,False,A_VERIFIER,B00PSL01,SCIENCES PHYSIQUES (P.E.S.) -- pour bacheliers IN SALAH,,14.48,,2025,moy_min_bac2025.pdf,106
C09,ECOLE NORMALE SUPERIEURE KOUBA (E.N.S),,False,A_VERIFIER,B00PSL01,SCIENCES PHYSIQUES (P.E.S.) -- pour bacheliers IN GUEZZAM,,,,2025,moy_min_bac2025.pdf,106
C09,ECOLE NORMALE SUPERIEURE KOUBA (E.N.S),,False,A_VERIFIER,B00PSL01,SCIENCES PHYSIQUES (P.E.S.) -- pour bacheliers DJANET,,,,2025,moy_min_bac2025.pdf,106
C09,ECOLE NORMALE SUPERIEURE KOUBA (E.N.S),,False,A_VERIFIER,C01PML01,INFORMATIQUE (P.E.M) -- pour bacheliers BLIDA,16.52,,,2025,moy_min_bac2025.pdf,107
C09,ECOLE NORMALE SUPERIEURE KOUBA (E.N.S),,False,A_VERIFIER,C01PML01,INFORMATIQUE (P.E.M) -- pour bacheliers BOUIRA,15.05,15.69,,2025,moy_min_bac2025.pdf,107
C09,ECOLE NORMALE SUPERIEURE KOUBA (E.N.S),,False,A_VERIFIER,C01PML01,INFORMATIQUE (P.E.M) -- pour bacheliers TAMANRASSET,,,,2025,moy_min_bac2025.pdf,107
C09,ECOLE NORMALE SUPERIEURE KOUBA (E.N.S),,False,A_VERIFIER,C01PML01,INFORMATIQUE (P.E.M) -- pour bacheliers TIARET,,,,2025,moy_min_bac2025.pdf,107
C09,ECOLE NORMALE SUPERIEURE KOUBA (E.N.S),,False,A_VERIFIER,C01PML01,INFORMATIQUE (P.E.M) -- pour bacheliers TIZI-OUZOU,14.29,14.18,,2025,moy_min_bac2025.pdf,107
C09,ECOLE NORMALE SUPERIEURE KOUBA (E.N.S),,False,A_VERIFIER,C01PML01,INFORMATIQUE (P.E.M) -- pour bacheliers ALGER,14.36,15.02,,2025,moy_min_bac2025.pdf,107
C09,ECOLE NORMALE SUPERIEURE KOUBA (E.N.S),,False,A_VERIFIER,C01PML01,INFORMATIQUE (P.E.M) -- pour bacheliers ILLIZI,,,,2025,moy_min_bac2025.pdf,107
C09,ECOLE NORMALE SUPERIEURE KOUBA (E.N.S),,False,A_VERIFIER,C01PML01,INFORMATIQUE (P.E.M) -- pour bacheliers BOUMERDES,14.98,,,2025,moy_min_bac2025.pdf,107
C09,ECOLE NORMALE SUPERIEURE KOUBA (E.N.S),,False,A_VERIFIER,C01PML01,INFORMATIQUE (P.E.M) -- pour bacheliers TIPAZA,14.47,15.45,,2025,moy_min_bac2025.pdf,107
C09,ECOLE NORMALE SUPERIEURE KOUBA (E.N.S),,False,A_VERIFIER,C01PML01,INFORMATIQUE (P.E.M) -- pour bacheliers IN SALAH,15.41,,,2025,moy_min_bac2025.pdf,107
C09,ECOLE NORMALE SUPERIEURE KOUBA (E.N.S),,False,A_VERIFIER,C01PML01,INFORMATIQUE (P.E.M) -- pour bacheliers IN GUEZZAM,,,,2025,moy_min_bac2025.pdf,107
C09,ECOLE NORMALE SUPERIEURE KOUBA (E.N.S),,False,A_VERIFIER,C01PML01,INFORMATIQUE (P.E.M) -- pour bacheliers DJANET,,,,2025,moy_min_bac2025.pdf,107
C09,ECOLE NORMALE SUPERIEURE KOUBA (E.N.S),,False,A_VERIFIER,C01PML01,INFORMATIQUE (P.E.M) -- pour bacheliers EL MENIAA,,14.75,,2025,moy_min_bac2025.pdf,107
C09,ECOLE NORMALE SUPERIEURE KOUBA (E.N.S),,False,A_VERIFIER,C01PSL01,INFORMATIQUE (P.E.S) -- pour bacheliers TAMANRASSET,14.69,,,2025,moy_min_bac2025.pdf,107
C09,ECOLE NORMALE SUPERIEURE KOUBA (E.N.S),,False,A_VERIFIER,C01PSL01,INFORMATIQUE (P.E.S) -- pour bacheliers TIZI-OUZOU,15.38,,,2025,moy_min_bac2025.pdf,107
C09,ECOLE NORMALE SUPERIEURE KOUBA (E.N.S),,False,A_VERIFIER,C01PSL01,INFORMATIQUE (P.E.S) -- pour bacheliers ALGER,14.74,15.5,,2025,moy_min_bac2025.pdf,107
C09,ECOLE NORMALE SUPERIEURE KOUBA (E.N.S),,False,A_VERIFIER,C01PSL01,INFORMATIQUE (P.E.S) -- pour bacheliers MSILA,16.37,,,2025,moy_min_bac2025.pdf,107
C09,ECOLE NORMALE SUPERIEURE KOUBA (E.N.S),,False,A_VERIFIER,C01PSL01,INFORMATIQUE (P.E.S) -- pour bacheliers ILLIZI,14.16,,,2025,moy_min_bac2025.pdf,107
C09,ECOLE NORMALE SUPERIEURE KOUBA (E.N.S),,False,A_VERIFIER,C01PSL01,INFORMATIQUE (P.E.S) -- pour bacheliers BOUMERDES,14.88,15.69,,2025,moy_min_bac2025.pdf,107
C09,ECOLE NORMALE SUPERIEURE KOUBA (E.N.S),,False,A_VERIFIER,C01PSL01,INFORMATIQUE (P.E.S) -- pour bacheliers IN GUEZZAM,,,,2025,moy_min_bac2025.pdf,107
C09,ECOLE NORMALE SUPERIEURE KOUBA (E.N.S),,False,A_VERIFIER,C01PSL01,INFORMATIQUE (P.E.S) -- pour bacheliers TOUGGOURT,15.26,15.65,,2025,moy_min_bac2025.pdf,107
C09,ECOLE NORMALE SUPERIEURE KOUBA (E.N.S),,False,A_VERIFIER,C01PSL01,INFORMATIQUE (P.E.S) -- pour bacheliers DJANET,,,,2025,moy_min_bac2025.pdf,107
C09,ECOLE NORMALE SUPERIEURE KOUBA (E.N.S),,False,A_VERIFIER,C02PML01,MATHEMATIQUES (P.E.M) -- pour bacheliers TAMANRASSET,,,,2025,moy_min_bac2025.pdf,107
C09,ECOLE NORMALE SUPERIEURE KOUBA (E.N.S),,False,A_VERIFIER,C02PML01,MATHEMATIQUES (P.E.M) -- pour bacheliers ALGER,14.5,15.21,,2025,moy_min_bac2025.pdf,107
C09,ECOLE NORMALE SUPERIEURE KOUBA (E.N.S),,False,A_VERIFIER,C02PML01,MATHEMATIQUES (P.E.M) -- pour bacheliers ILLIZI,,,,2025,moy_min_bac2025.pdf,107
C09,ECOLE NORMALE SUPERIEURE KOUBA (E.N.S),,False,A_VERIFIER,C02PML01,MATHEMATIQUES (P.E.M) -- pour bacheliers BOUMERDES,14.36,15.04,,2025,moy_min_bac2025.pdf,108
C09,ECOLE NORMALE SUPERIEURE KOUBA (E.N.S),,False,A_VERIFIER,C02PML01,MATHEMATIQUES (P.E.M) -- pour bacheliers TIPAZA,14.91,15.77,,2025,moy_min_bac2025.pdf,108
C09,ECOLE NORMALE SUPERIEURE KOUBA (E.N.S),,False,A_VERIFIER,C02PML01,MATHEMATIQUES (P.E.M) -- pour bacheliers IN SALAH,,,,2025,moy_min_bac2025.pdf,108
C09,ECOLE NORMALE SUPERIEURE KOUBA (E.N.S),,False,A_VERIFIER,C02PML01,MATHEMATIQUES (P.E.M) -- pour bacheliers IN GUEZZAM,,,,2025,moy_min_bac2025.pdf,108
C09,ECOLE NORMALE SUPERIEURE KOUBA (E.N.S),,False,A_VERIFIER,C02PML01,MATHEMATIQUES (P.E.M) -- pour bacheliers DJANET,,,,2025,moy_min_bac2025.pdf,108
C09,ECOLE NORMALE SUPERIEURE KOUBA (E.N.S),,False,A_VERIFIER,C02PSL01,MATHEMATIQUES (P.E.S.) -- pour bacheliers TAMANRASSET,15.15,14.12,,2025,moy_min_bac2025.pdf,108
C09,ECOLE NORMALE SUPERIEURE KOUBA (E.N.S),,False,A_VERIFIER,C02PSL01,MATHEMATIQUES (P.E.S.) -- pour bacheliers ALGER,15.31,16.08,,2025,moy_min_bac2025.pdf,108
C09,ECOLE NORMALE SUPERIEURE KOUBA (E.N.S),,False,A_VERIFIER,C02PSL01,MATHEMATIQUES (P.E.S.) -- pour bacheliers ILLIZI,,15.69,,2025,moy_min_bac2025.pdf,108
C09,ECOLE NORMALE SUPERIEURE KOUBA (E.N.S),,False,A_VERIFIER,C02PSL01,MATHEMATIQUES (P.E.S.) -- pour bacheliers BOUMERDES,14.84,15.58,,2025,moy_min_bac2025.pdf,108
C09,ECOLE NORMALE SUPERIEURE KOUBA (E.N.S),,False,A_VERIFIER,C02PSL01,MATHEMATIQUES (P.E.S.) -- pour bacheliers IN SALAH,15.53,15.33,,2025,moy_min_bac2025.pdf,108
C09,ECOLE NORMALE SUPERIEURE KOUBA (E.N.S),,False,A_VERIFIER,C02PSL01,MATHEMATIQUES (P.E.S.) -- pour bacheliers IN GUEZZAM,,,,2025,moy_min_bac2025.pdf,108
C09,ECOLE NORMALE SUPERIEURE KOUBA (E.N.S),,False,A_VERIFIER,C02PSL01,MATHEMATIQUES (P.E.S.) -- pour bacheliers DJANET,,,,2025,moy_min_bac2025.pdf,108
C09,ECOLE NORMALE SUPERIEURE KOUBA (E.N.S),,False,A_VERIFIER,D00PML01,SCIENCES NATURELLES (P.E.M) -- pour bacheliers ADRAR,15.03,,,2025,moy_min_bac2025.pdf,108
C09,ECOLE NORMALE SUPERIEURE KOUBA (E.N.S),,False,A_VERIFIER,D00PML01,SCIENCES NATURELLES (P.E.M) -- pour bacheliers TAMANRASSET,15.01,,,2025,moy_min_bac2025.pdf,108
C09,ECOLE NORMALE SUPERIEURE KOUBA (E.N.S),,False,A_VERIFIER,D00PML01,SCIENCES NATURELLES (P.E.M) -- pour bacheliers ALGER,15.42,,,2025,moy_min_bac2025.pdf,108
C09,ECOLE NORMALE SUPERIEURE KOUBA (E.N.S),,False,A_VERIFIER,D00PML01,SCIENCES NATURELLES (P.E.M) -- pour bacheliers ILLIZI,14.59,,,2025,moy_min_bac2025.pdf,108
C09,ECOLE NORMALE SUPERIEURE KOUBA (E.N.S),,False,A_VERIFIER,D00PML01,SCIENCES NATURELLES (P.E.M) -- pour bacheliers BOUMERDES,15.02,,,2025,moy_min_bac2025.pdf,108
C09,ECOLE NORMALE SUPERIEURE KOUBA (E.N.S),,False,A_VERIFIER,D00PML01,SCIENCES NATURELLES (P.E.M) -- pour bacheliers TINDOUF,,,,2025,moy_min_bac2025.pdf,108
C09,ECOLE NORMALE SUPERIEURE KOUBA (E.N.S),,False,A_VERIFIER,D00PML01,SCIENCES NATURELLES (P.E.M) -- pour bacheliers TIPAZA,15.33,,,2025,moy_min_bac2025.pdf,108
C09,ECOLE NORMALE SUPERIEURE KOUBA (E.N.S),,False,A_VERIFIER,D00PML01,SCIENCES NATURELLES (P.E.M) -- pour bacheliers TIMIMOUN,14.44,,,2025,moy_min_bac2025.pdf,108
C09,ECOLE NORMALE SUPERIEURE KOUBA (E.N.S),,False,A_VERIFIER,D00PML01,SCIENCES NATURELLES (P.E.M) -- pour bacheliers BORDJ BADJI MOKHTAR,,,,2025,moy_min_bac2025.pdf,108
C09,ECOLE NORMALE SUPERIEURE KOUBA (E.N.S),,False,A_VERIFIER,D00PML01,SCIENCES NATURELLES (P.E.M) -- pour bacheliers BENI ABBES,,,,2025,moy_min_bac2025.pdf,109
C09,ECOLE NORMALE SUPERIEURE KOUBA (E.N.S),,False,A_VERIFIER,D00PML01,SCIENCES NATURELLES (P.E.M) -- pour bacheliers IN SALAH,14.7,,,2025,moy_min_bac2025.pdf,109
C09,ECOLE NORMALE SUPERIEURE KOUBA (E.N.S),,False,A_VERIFIER,D00PML01,SCIENCES NATURELLES (P.E.M) -- pour bacheliers IN GUEZZAM,,,,2025,moy_min_bac2025.pdf,109
C09,ECOLE NORMALE SUPERIEURE KOUBA (E.N.S),,False,A_VERIFIER,D00PML01,SCIENCES NATURELLES (P.E.M) -- pour bacheliers DJANET,,,,2025,moy_min_bac2025.pdf,109
C09,ECOLE NORMALE SUPERIEURE KOUBA (E.N.S),,False,A_VERIFIER,D00PSL01,SCIENCES NATURELLES (P.E.S) -- pour bacheliers BECHAR,15.88,,,2025,moy_min_bac2025.pdf,109
C09,ECOLE NORMALE SUPERIEURE KOUBA (E.N.S),,False,A_VERIFIER,D00PSL01,SCIENCES NATURELLES (P.E.S) -- pour bacheliers TAMANRASSET,16.02,,,2025,moy_min_bac2025.pdf,109
C09,ECOLE NORMALE SUPERIEURE KOUBA (E.N.S),,False,A_VERIFIER,D00PSL01,SCIENCES NATURELLES (P.E.S) -- pour bacheliers ALGER,16.02,,,2025,moy_min_bac2025.pdf,109
C09,ECOLE NORMALE SUPERIEURE KOUBA (E.N.S),,False,A_VERIFIER,D00PSL01,SCIENCES NATURELLES (P.E.S) -- pour bacheliers SAIDA,14.6,,,2025,moy_min_bac2025.pdf,109
C09,ECOLE NORMALE SUPERIEURE KOUBA (E.N.S),,False,A_VERIFIER,D00PSL01,SCIENCES NATURELLES (P.E.S) -- pour bacheliers ILLIZI,16.03,,,2025,moy_min_bac2025.pdf,109
C09,ECOLE NORMALE SUPERIEURE KOUBA (E.N.S),,False,A_VERIFIER,D00PSL01,SCIENCES NATURELLES (P.E.S) -- pour bacheliers BOUMERDES,15.72,,,2025,moy_min_bac2025.pdf,109
C09,ECOLE NORMALE SUPERIEURE KOUBA (E.N.S),,False,A_VERIFIER,D00PSL01,SCIENCES NATURELLES (P.E.S) -- pour bacheliers TINDOUF,15.45,,,2025,moy_min_bac2025.pdf,109
C09,ECOLE NORMALE SUPERIEURE KOUBA (E.N.S),,False,A_VERIFIER,D00PSL01,SCIENCES NATURELLES (P.E.S) -- pour bacheliers TIMIMOUN,15.43,,,2025,moy_min_bac2025.pdf,109
C09,ECOLE NORMALE SUPERIEURE KOUBA (E.N.S),,False,A_VERIFIER,D00PSL01,SCIENCES NATURELLES (P.E.S) -- pour bacheliers BORDJ BADJI MOKHTAR,,,,2025,moy_min_bac2025.pdf,109
C09,ECOLE NORMALE SUPERIEURE KOUBA (E.N.S),,False,A_VERIFIER,D00PSL01,SCIENCES NATURELLES (P.E.S) -- pour bacheliers BENI ABBES,15.17,,,2025,moy_min_bac2025.pdf,109
C09,ECOLE NORMALE SUPERIEURE KOUBA (E.N.S),,False,A_VERIFIER,D00PSL01,SCIENCES NATURELLES (P.E.S) -- pour bacheliers IN SALAH,16.08,,,2025,moy_min_bac2025.pdf,109
C09,ECOLE NORMALE SUPERIEURE KOUBA (E.N.S),,False,A_VERIFIER,D00PSL01,SCIENCES NATURELLES (P.E.S) -- pour bacheliers IN GUEZZAM,,,,2025,moy_min_bac2025.pdf,109
C09,ECOLE NORMALE SUPERIEURE KOUBA (E.N.S),,False,A_VERIFIER,D00PSL01,SCIENCES NATURELLES (P.E.S) -- pour bacheliers DJANET,,,,2025,moy_min_bac2025.pdf,109
C09,ECOLE NORMALE SUPERIEURE KOUBA (E.N.S),,False,A_VERIFIER,K00PMN01,MUSIQUE (P.E.M) -- pour bacheliers ADRAR,,12.31,,2025,moy_min_bac2025.pdf,109
C09,ECOLE NORMALE SUPERIEURE KOUBA (E.N.S),,False,A_VERIFIER,K00PMN01,MUSIQUE (P.E.M) -- pour bacheliers CHLEF,,14.0,,2025,moy_min_bac2025.pdf,109
C09,ECOLE NORMALE SUPERIEURE KOUBA (E.N.S),,False,A_VERIFIER,K00PMN01,MUSIQUE (P.E.M) -- pour bacheliers LAGHOUAT,,13.93,,2025,moy_min_bac2025.pdf,109
C09,ECOLE NORMALE SUPERIEURE KOUBA (E.N.S),,False,A_VERIFIER,K00PMN01,MUSIQUE (P.E.M) -- pour bacheliers OUM-EL-BOUAGHI,,14.5,,2025,moy_min_bac2025.pdf,110
C09,ECOLE NORMALE SUPERIEURE KOUBA (E.N.S),,False,A_VERIFIER,K00PMN01,MUSIQUE (P.E.M) -- pour bacheliers BATNA,,15.16,,2025,moy_min_bac2025.pdf,110
C09,ECOLE NORMALE SUPERIEURE KOUBA (E.N.S),,False,A_VERIFIER,K00PMN01,MUSIQUE (P.E.M) -- pour bacheliers BEJAIA,,12.77,,2025,moy_min_bac2025.pdf,110
C09,ECOLE NORMALE SUPERIEURE KOUBA (E.N.S),,False,A_VERIFIER,K00PMN01,MUSIQUE (P.E.M) -- pour bacheliers BISKRA,,13.03,,2025,moy_min_bac2025.pdf,110
C09,ECOLE NORMALE SUPERIEURE KOUBA (E.N.S),,False,A_VERIFIER,K00PMN01,MUSIQUE (P.E.M) -- pour bacheliers BECHAR,,12.17,,2025,moy_min_bac2025.pdf,110
C09,ECOLE NORMALE SUPERIEURE KOUBA (E.N.S),,False,A_VERIFIER,K00PMN01,MUSIQUE (P.E.M) -- pour bacheliers BLIDA,,13.98,,2025,moy_min_bac2025.pdf,110
C09,ECOLE NORMALE SUPERIEURE KOUBA (E.N.S),,False,A_VERIFIER,K00PMN01,MUSIQUE (P.E.M) -- pour bacheliers BOUIRA,,13.64,,2025,moy_min_bac2025.pdf,110
C09,ECOLE NORMALE SUPERIEURE KOUBA (E.N.S),,False,A_VERIFIER,K00PMN01,MUSIQUE (P.E.M) -- pour bacheliers TAMANRASSET,,11.41,,2025,moy_min_bac2025.pdf,110
C09,ECOLE NORMALE SUPERIEURE KOUBA (E.N.S),,False,A_VERIFIER,K00PMN01,MUSIQUE (P.E.M) -- pour bacheliers TEBESSA,,13.87,,2025,moy_min_bac2025.pdf,110
C09,ECOLE NORMALE SUPERIEURE KOUBA (E.N.S),,False,A_VERIFIER,K00PMN01,MUSIQUE (P.E.M) -- pour bacheliers TLEMCEN,,15.33,,2025,moy_min_bac2025.pdf,110
C09,ECOLE NORMALE SUPERIEURE KOUBA (E.N.S),,False,A_VERIFIER,K00PMN01,MUSIQUE (P.E.M) -- pour bacheliers TIARET,,15.47,,2025,moy_min_bac2025.pdf,110
C09,ECOLE NORMALE SUPERIEURE KOUBA (E.N.S),,False,A_VERIFIER,K00PMN01,MUSIQUE (P.E.M) -- pour bacheliers TIZI-OUZOU,,,,2025,moy_min_bac2025.pdf,110
C09,ECOLE NORMALE SUPERIEURE KOUBA (E.N.S),,False,A_VERIFIER,K00PMN01,MUSIQUE (P.E.M) -- pour bacheliers ALGER,,14.41,,2025,moy_min_bac2025.pdf,110
C09,ECOLE NORMALE SUPERIEURE KOUBA (E.N.S),,False,A_VERIFIER,K00PMN01,MUSIQUE (P.E.M) -- pour bacheliers DJELFA,,14.18,,2025,moy_min_bac2025.pdf,110
C09,ECOLE NORMALE SUPERIEURE KOUBA (E.N.S),,False,A_VERIFIER,K00PMN01,MUSIQUE (P.E.M) -- pour bacheliers JIJEL,,,,2025,moy_min_bac2025.pdf,110
C09,ECOLE NORMALE SUPERIEURE KOUBA (E.N.S),,False,A_VERIFIER,K00PMN01,MUSIQUE (P.E.M) -- pour bacheliers SETIF,,13.83,,2025,moy_min_bac2025.pdf,110
C09,ECOLE NORMALE SUPERIEURE KOUBA (E.N.S),,False,A_VERIFIER,K00PMN01,MUSIQUE (P.E.M) -- pour bacheliers SAIDA,,14.68,,2025,moy_min_bac2025.pdf,110
C09,ECOLE NORMALE SUPERIEURE KOUBA (E.N.S),,False,A_VERIFIER,K00PMN01,MUSIQUE (P.E.M) -- pour bacheliers SKIKDA,,13.75,,2025,moy_min_bac2025.pdf,110
C09,ECOLE NORMALE SUPERIEURE KOUBA (E.N.S),,False,A_VERIFIER,K00PMN01,MUSIQUE (P.E.M) -- pour bacheliers SIDIBEL-ABBES,,13.72,,2025,moy_min_bac2025.pdf,110
C09,ECOLE NORMALE SUPERIEURE KOUBA (E.N.S),,False,A_VERIFIER,K00PMN01,MUSIQUE (P.E.M) -- pour bacheliers ANNABA,,,,2025,moy_min_bac2025.pdf,110
C09,ECOLE NORMALE SUPERIEURE KOUBA (E.N.S),,False,A_VERIFIER,K00PMN01,MUSIQUE (P.E.M) -- pour bacheliers GUELMA,,14.04,,2025,moy_min_bac2025.pdf,110
C09,ECOLE NORMALE SUPERIEURE KOUBA (E.N.S),,False,A_VERIFIER,K00PMN01,MUSIQUE (P.E.M) -- pour bacheliers CONSTANTINE,,13.79,,2025,moy_min_bac2025.pdf,110
C09,ECOLE NORMALE SUPERIEURE KOUBA (E.N.S),,False,A_VERIFIER,K00PMN01,MUSIQUE (P.E.M) -- pour bacheliers MEDEA,,15.47,,2025,moy_min_bac2025.pdf,110
C09,ECOLE NORMALE SUPERIEURE KOUBA (E.N.S),,False,A_VERIFIER,K00PMN01,MUSIQUE (P.E.M) -- pour bacheliers MOSTAGANEM,,13.77,,2025,moy_min_bac2025.pdf,110
C09,ECOLE NORMALE SUPERIEURE KOUBA (E.N.S),,False,A_VERIFIER,K00PMN01,MUSIQUE (P.E.M) -- pour bacheliers MSILA,,14.38,,2025,moy_min_bac2025.pdf,110
C09,ECOLE NORMALE SUPERIEURE KOUBA (E.N.S),,False,A_VERIFIER,K00PMN01,MUSIQUE (P.E.M) -- pour bacheliers MASCARA,,14.7,,2025,moy_min_bac2025.pdf,111
C09,ECOLE NORMALE SUPERIEURE KOUBA (E.N.S),,False,A_VERIFIER,K00PMN01,MUSIQUE (P.E.M) -- pour bacheliers OUARGLA,,,,2025,moy_min_bac2025.pdf,111
C09,ECOLE NORMALE SUPERIEURE KOUBA (E.N.S),,False,A_VERIFIER,K00PMN01,MUSIQUE (P.E.M) -- pour bacheliers ORAN,,14.6,,2025,moy_min_bac2025.pdf,111
C09,ECOLE NORMALE SUPERIEURE KOUBA (E.N.S),,False,A_VERIFIER,K00PMN01,MUSIQUE (P.E.M) -- pour bacheliers EL BAYADH,,14.32,,2025,moy_min_bac2025.pdf,111
C09,ECOLE NORMALE SUPERIEURE KOUBA (E.N.S),,False,A_VERIFIER,K00PMN01,MUSIQUE (P.E.M) -- pour bacheliers ILLIZI,,,,2025,moy_min_bac2025.pdf,111
C09,ECOLE NORMALE SUPERIEURE KOUBA (E.N.S),,False,A_VERIFIER,K00PMN01,MUSIQUE (P.E.M) -- pour bacheliers B.B.ARRERIDJ,,14.26,,2025,moy_min_bac2025.pdf,111
C09,ECOLE NORMALE SUPERIEURE KOUBA (E.N.S),,False,A_VERIFIER,K00PMN01,MUSIQUE (P.E.M) -- pour bacheliers BOUMERDES,,13.91,,2025,moy_min_bac2025.pdf,111
C09,ECOLE NORMALE SUPERIEURE KOUBA (E.N.S),,False,A_VERIFIER,K00PMN01,MUSIQUE (P.E.M) -- pour bacheliers ELTARF,,,,2025,moy_min_bac2025.pdf,111
C09,ECOLE NORMALE SUPERIEURE KOUBA (E.N.S),,False,A_VERIFIER,K00PMN01,MUSIQUE (P.E.M) -- pour bacheliers TINDOUF,,12.8,,2025,moy_min_bac2025.pdf,111
C09,ECOLE NORMALE SUPERIEURE KOUBA (E.N.S),,False,A_VERIFIER,K00PMN01,MUSIQUE (P.E.M) -- pour bacheliers TISSEMSILT,,16.15,,2025,moy_min_bac2025.pdf,111
C09,ECOLE NORMALE SUPERIEURE KOUBA (E.N.S),,False,A_VERIFIER,K00PMN01,MUSIQUE (P.E.M) -- pour bacheliers EL OUED,,13.39,,2025,moy_min_bac2025.pdf,111
C09,ECOLE NORMALE SUPERIEURE KOUBA (E.N.S),,False,A_VERIFIER,K00PMN01,MUSIQUE (P.E.M) -- pour bacheliers KHENCHLA,,13.93,,2025,moy_min_bac2025.pdf,111
C09,ECOLE NORMALE SUPERIEURE KOUBA (E.N.S),,False,A_VERIFIER,K00PMN01,MUSIQUE (P.E.M) -- pour bacheliers SOUK-AHRAS,,14.28,,2025,moy_min_bac2025.pdf,111
C09,ECOLE NORMALE SUPERIEURE KOUBA (E.N.S),,False,A_VERIFIER,K00PMN01,MUSIQUE (P.E.M) -- pour bacheliers TIPAZA,,13.86,,2025,moy_min_bac2025.pdf,111
C09,ECOLE NORMALE SUPERIEURE KOUBA (E.N.S),,False,A_VERIFIER,K00PMN01,MUSIQUE (P.E.M) -- pour bacheliers MILA,,14.83,,2025,moy_min_bac2025.pdf,111
C09,ECOLE NORMALE SUPERIEURE KOUBA (E.N.S),,False,A_VERIFIER,K00PMN01,MUSIQUE (P.E.M) -- pour bacheliers AIN-DEFLA,,14.95,,2025,moy_min_bac2025.pdf,111
C09,ECOLE NORMALE SUPERIEURE KOUBA (E.N.S),,False,A_VERIFIER,K00PMN01,MUSIQUE (P.E.M) -- pour bacheliers NAAMA,,14.39,,2025,moy_min_bac2025.pdf,111
C09,ECOLE NORMALE SUPERIEURE KOUBA (E.N.S),,False,A_VERIFIER,K00PMN01,MUSIQUE (P.E.M) -- pour bacheliers AIN-TEMOUCHENT,,,,2025,moy_min_bac2025.pdf,111
C09,ECOLE NORMALE SUPERIEURE KOUBA (E.N.S),,False,A_VERIFIER,K00PMN01,MUSIQUE (P.E.M) -- pour bacheliers GHARDAIA,,13.25,,2025,moy_min_bac2025.pdf,111
C09,ECOLE NORMALE SUPERIEURE KOUBA (E.N.S),,False,A_VERIFIER,K00PMN01,MUSIQUE (P.E.M) -- pour bacheliers RELIZANE,,15.08,,2025,moy_min_bac2025.pdf,111
C09,ECOLE NORMALE SUPERIEURE KOUBA (E.N.S),,False,A_VERIFIER,K00PMN01,MUSIQUE (P.E.M) -- pour bacheliers TIMIMOUN,,12.12,,2025,moy_min_bac2025.pdf,111
C09,ECOLE NORMALE SUPERIEURE KOUBA (E.N.S),,False,A_VERIFIER,K00PMN01,MUSIQUE (P.E.M) -- pour bacheliers BORDJ BADJI MOKHTAR,,,,2025,moy_min_bac2025.pdf,111
C09,ECOLE NORMALE SUPERIEURE KOUBA (E.N.S),,False,A_VERIFIER,K00PMN01,MUSIQUE (P.E.M) -- pour bacheliers OULED DJELLAL,,13.63,,2025,moy_min_bac2025.pdf,111
C09,ECOLE NORMALE SUPERIEURE KOUBA (E.N.S),,False,A_VERIFIER,K00PMN01,MUSIQUE (P.E.M) -- pour bacheliers BENI ABBES,,,,2025,moy_min_bac2025.pdf,111
C09,ECOLE NORMALE SUPERIEURE KOUBA (E.N.S),,False,A_VERIFIER,K00PMN01,MUSIQUE (P.E.M) -- pour bacheliers IN SALAH,,,,2025,moy_min_bac2025.pdf,111
C09,ECOLE NORMALE SUPERIEURE KOUBA (E.N.S),,False,A_VERIFIER,K00PMN01,MUSIQUE (P.E.M) -- pour bacheliers IN GUEZZAM,,,,2025,moy_min_bac2025.pdf,112
C09,ECOLE NORMALE SUPERIEURE KOUBA (E.N.S),,False,A_VERIFIER,K00PMN01,MUSIQUE (P.E.M) -- pour bacheliers TOUGGOURT,,13.76,,2025,moy_min_bac2025.pdf,112
C09,ECOLE NORMALE SUPERIEURE KOUBA (E.N.S),,False,A_VERIFIER,K00PMN01,MUSIQUE (P.E.M) -- pour bacheliers DJANET,,,,2025,moy_min_bac2025.pdf,112
C09,ECOLE NORMALE SUPERIEURE KOUBA (E.N.S),,False,A_VERIFIER,K00PMN01,MUSIQUE (P.E.M) -- pour bacheliers EL MGHAIER,,,,2025,moy_min_bac2025.pdf,112
C09,ECOLE NORMALE SUPERIEURE KOUBA (E.N.S),,False,A_VERIFIER,K00PMN01,MUSIQUE (P.E.M) -- pour bacheliers EL MENIAA,,,,2025,moy_min_bac2025.pdf,112
C09,ECOLE NORMALE SUPERIEURE KOUBA (E.N.S),,False,A_VERIFIER,K00PSN01,MUSIQUE (P.E.S) -- pour bacheliers ADRAR,,,,2025,moy_min_bac2025.pdf,112
C09,ECOLE NORMALE SUPERIEURE KOUBA (E.N.S),,False,A_VERIFIER,K00PSN01,MUSIQUE (P.E.S) -- pour bacheliers CHLEF,,15.08,,2025,moy_min_bac2025.pdf,112
C09,ECOLE NORMALE SUPERIEURE KOUBA (E.N.S),,False,A_VERIFIER,K00PSN01,MUSIQUE (P.E.S) -- pour bacheliers LAGHOUAT,,14.13,,2025,moy_min_bac2025.pdf,112
C09,ECOLE NORMALE SUPERIEURE KOUBA (E.N.S),,False,A_VERIFIER,K00PSN01,MUSIQUE (P.E.S) -- pour bacheliers OUM-EL-BOUAGHI,,,,2025,moy_min_bac2025.pdf,112
C09,ECOLE NORMALE SUPERIEURE KOUBA (E.N.S),,False,A_VERIFIER,K00PSN01,MUSIQUE (P.E.S) -- pour bacheliers BATNA,,15.5,,2025,moy_min_bac2025.pdf,112
C09,ECOLE NORMALE SUPERIEURE KOUBA (E.N.S),,False,A_VERIFIER,K00PSN01,MUSIQUE (P.E.S) -- pour bacheliers BEJAIA,,13.48,,2025,moy_min_bac2025.pdf,112
C09,ECOLE NORMALE SUPERIEURE KOUBA (E.N.S),,False,A_VERIFIER,K00PSN01,MUSIQUE (P.E.S) -- pour bacheliers BISKRA,,14.56,,2025,moy_min_bac2025.pdf,112
C09,ECOLE NORMALE SUPERIEURE KOUBA (E.N.S),,False,A_VERIFIER,K00PSN01,MUSIQUE (P.E.S) -- pour bacheliers BECHAR,,,,2025,moy_min_bac2025.pdf,112
C09,ECOLE NORMALE SUPERIEURE KOUBA (E.N.S),,False,A_VERIFIER,K00PSN01,MUSIQUE (P.E.S) -- pour bacheliers BLIDA,,,,2025,moy_min_bac2025.pdf,112
C09,ECOLE NORMALE SUPERIEURE KOUBA (E.N.S),,False,A_VERIFIER,K00PSN01,MUSIQUE (P.E.S) -- pour bacheliers BOUIRA,,16.0,,2025,moy_min_bac2025.pdf,112
C09,ECOLE NORMALE SUPERIEURE KOUBA (E.N.S),,False,A_VERIFIER,K00PSN01,MUSIQUE (P.E.S) -- pour bacheliers TAMANRASSET,,,,2025,moy_min_bac2025.pdf,112
C09,ECOLE NORMALE SUPERIEURE KOUBA (E.N.S),,False,A_VERIFIER,K00PSN01,MUSIQUE (P.E.S) -- pour bacheliers TEBESSA,,13.96,,2025,moy_min_bac2025.pdf,112
C09,ECOLE NORMALE SUPERIEURE KOUBA (E.N.S),,False,A_VERIFIER,K00PSN01,MUSIQUE (P.E.S) -- pour bacheliers TLEMCEN,,,,2025,moy_min_bac2025.pdf,112
C09,ECOLE NORMALE SUPERIEURE KOUBA (E.N.S),,False,A_VERIFIER,K00PSN01,MUSIQUE (P.E.S) -- pour bacheliers TIARET,,16.52,,2025,moy_min_bac2025.pdf,112
C09,ECOLE NORMALE SUPERIEURE KOUBA (E.N.S),,False,A_VERIFIER,K00PSN01,MUSIQUE (P.E.S) -- pour bacheliers TIZI-OUZOU,,12.97,,2025,moy_min_bac2025.pdf,112
C09,ECOLE NORMALE SUPERIEURE KOUBA (E.N.S),,False,A_VERIFIER,K00PSN01,MUSIQUE (P.E.S) -- pour bacheliers ALGER,13.5,14.47,,2025,moy_min_bac2025.pdf,112
C09,ECOLE NORMALE SUPERIEURE KOUBA (E.N.S),,False,A_VERIFIER,K00PSN01,MUSIQUE (P.E.S) -- pour bacheliers DJELFA,,15.03,,2025,moy_min_bac2025.pdf,112
C09,ECOLE NORMALE SUPERIEURE KOUBA (E.N.S),,False,A_VERIFIER,K00PSN01,MUSIQUE (P.E.S) -- pour bacheliers JIJEL,,14.02,,2025,moy_min_bac2025.pdf,112
C09,ECOLE NORMALE SUPERIEURE KOUBA (E.N.S),,False,A_VERIFIER,K00PSN01,MUSIQUE (P.E.S) -- pour bacheliers SETIF,,15.03,,2025,moy_min_bac2025.pdf,112
C09,ECOLE NORMALE SUPERIEURE KOUBA (E.N.S),,False,A_VERIFIER,K00PSN01,MUSIQUE (P.E.S) -- pour bacheliers SAIDA,,,,2025,moy_min_bac2025.pdf,112
C09,ECOLE NORMALE SUPERIEURE KOUBA (E.N.S),,False,A_VERIFIER,K00PSN01,MUSIQUE (P.E.S) -- pour bacheliers SKIKDA,,,,2025,moy_min_bac2025.pdf,113
C09,ECOLE NORMALE SUPERIEURE KOUBA (E.N.S),,False,A_VERIFIER,K00PSN01,MUSIQUE (P.E.S) -- pour bacheliers SIDIBEL-ABBES,,,,2025,moy_min_bac2025.pdf,113
C09,ECOLE NORMALE SUPERIEURE KOUBA (E.N.S),,False,A_VERIFIER,K00PSN01,MUSIQUE (P.E.S) -- pour bacheliers ANNABA,,,,2025,moy_min_bac2025.pdf,113
C09,ECOLE NORMALE SUPERIEURE KOUBA (E.N.S),,False,A_VERIFIER,K00PSN01,MUSIQUE (P.E.S) -- pour bacheliers GUELMA,,,,2025,moy_min_bac2025.pdf,113
C09,ECOLE NORMALE SUPERIEURE KOUBA (E.N.S),,False,A_VERIFIER,K00PSN01,MUSIQUE (P.E.S) -- pour bacheliers CONSTANTINE,,,,2025,moy_min_bac2025.pdf,113
C09,ECOLE NORMALE SUPERIEURE KOUBA (E.N.S),,False,A_VERIFIER,K00PSN01,MUSIQUE (P.E.S) -- pour bacheliers MEDEA,,15.33,,2025,moy_min_bac2025.pdf,113
C09,ECOLE NORMALE SUPERIEURE KOUBA (E.N.S),,False,A_VERIFIER,K00PSN01,MUSIQUE (P.E.S) -- pour bacheliers MOSTAGANEM,,15.03,,2025,moy_min_bac2025.pdf,113
C09,ECOLE NORMALE SUPERIEURE KOUBA (E.N.S),,False,A_VERIFIER,K00PSN01,MUSIQUE (P.E.S) -- pour bacheliers MSILA,,15.03,,2025,moy_min_bac2025.pdf,113
C09,ECOLE NORMALE SUPERIEURE KOUBA (E.N.S),,False,A_VERIFIER,K00PSN01,MUSIQUE (P.E.S) -- pour bacheliers MASCARA,,,,2025,moy_min_bac2025.pdf,113
C09,ECOLE NORMALE SUPERIEURE KOUBA (E.N.S),,False,A_VERIFIER,K00PSN01,MUSIQUE (P.E.S) -- pour bacheliers OUARGLA,,,,2025,moy_min_bac2025.pdf,113
C09,ECOLE NORMALE SUPERIEURE KOUBA (E.N.S),,False,A_VERIFIER,K00PSN01,MUSIQUE (P.E.S) -- pour bacheliers ORAN,,13.73,,2025,moy_min_bac2025.pdf,113
C09,ECOLE NORMALE SUPERIEURE KOUBA (E.N.S),,False,A_VERIFIER,K00PSN01,MUSIQUE (P.E.S) -- pour bacheliers EL BAYADH,,,,2025,moy_min_bac2025.pdf,113
C09,ECOLE NORMALE SUPERIEURE KOUBA (E.N.S),,False,A_VERIFIER,K00PSN01,MUSIQUE (P.E.S) -- pour bacheliers ILLIZI,,,,2025,moy_min_bac2025.pdf,113
C09,ECOLE NORMALE SUPERIEURE KOUBA (E.N.S),,False,A_VERIFIER,K00PSN01,MUSIQUE (P.E.S) -- pour bacheliers B.B.ARRERIDJ,,,,2025,moy_min_bac2025.pdf,113
C09,ECOLE NORMALE SUPERIEURE KOUBA (E.N.S),,False,A_VERIFIER,K00PSN01,MUSIQUE (P.E.S) -- pour bacheliers BOUMERDES,,13.91,,2025,moy_min_bac2025.pdf,113
C09,ECOLE NORMALE SUPERIEURE KOUBA (E.N.S),,False,A_VERIFIER,K00PSN01,MUSIQUE (P.E.S) -- pour bacheliers ELTARF,,,,2025,moy_min_bac2025.pdf,113
C09,ECOLE NORMALE SUPERIEURE KOUBA (E.N.S),,False,A_VERIFIER,K00PSN01,MUSIQUE (P.E.S) -- pour bacheliers TINDOUF,,,,2025,moy_min_bac2025.pdf,113
C09,ECOLE NORMALE SUPERIEURE KOUBA (E.N.S),,False,A_VERIFIER,K00PSN01,MUSIQUE (P.E.S) -- pour bacheliers TISSEMSILT,,,,2025,moy_min_bac2025.pdf,113
C09,ECOLE NORMALE SUPERIEURE KOUBA (E.N.S),,False,A_VERIFIER,K00PSN01,MUSIQUE (P.E.S) -- pour bacheliers EL OUED,,13.1,,2025,moy_min_bac2025.pdf,113
C09,ECOLE NORMALE SUPERIEURE KOUBA (E.N.S),,False,A_VERIFIER,K00PSN01,MUSIQUE (P.E.S) -- pour bacheliers KHENCHLA,,,,2025,moy_min_bac2025.pdf,113
C09,ECOLE NORMALE SUPERIEURE KOUBA (E.N.S),,False,A_VERIFIER,K00PSN01,MUSIQUE (P.E.S) -- pour bacheliers SOUK-AHRAS,,14.92,,2025,moy_min_bac2025.pdf,113
C09,ECOLE NORMALE SUPERIEURE KOUBA (E.N.S),,False,A_VERIFIER,K00PSN01,MUSIQUE (P.E.S) -- pour bacheliers TIPAZA,,,,2025,moy_min_bac2025.pdf,113
C09,ECOLE NORMALE SUPERIEURE KOUBA (E.N.S),,False,A_VERIFIER,K00PSN01,MUSIQUE (P.E.S) -- pour bacheliers MILA,,,,2025,moy_min_bac2025.pdf,113
C09,ECOLE NORMALE SUPERIEURE KOUBA (E.N.S),,False,A_VERIFIER,K00PSN01,MUSIQUE (P.E.S) -- pour bacheliers AIN-DEFLA,,15.03,,2025,moy_min_bac2025.pdf,113
C09,ECOLE NORMALE SUPERIEURE KOUBA (E.N.S),,False,A_VERIFIER,K00PSN01,MUSIQUE (P.E.S) -- pour bacheliers NAAMA,,,,2025,moy_min_bac2025.pdf,113
C09,ECOLE NORMALE SUPERIEURE KOUBA (E.N.S),,False,A_VERIFIER,K00PSN01,MUSIQUE (P.E.S) -- pour bacheliers AIN-TEMOUCHENT,,,,2025,moy_min_bac2025.pdf,114
C09,ECOLE NORMALE SUPERIEURE KOUBA (E.N.S),,False,A_VERIFIER,K00PSN01,MUSIQUE (P.E.S) -- pour bacheliers GHARDAIA,,,,2025,moy_min_bac2025.pdf,114
C09,ECOLE NORMALE SUPERIEURE KOUBA (E.N.S),,False,A_VERIFIER,K00PSN01,MUSIQUE (P.E.S) -- pour bacheliers RELIZANE,,14.85,,2025,moy_min_bac2025.pdf,114
C09,ECOLE NORMALE SUPERIEURE KOUBA (E.N.S),,False,A_VERIFIER,K00PSN01,MUSIQUE (P.E.S) -- pour bacheliers TIMIMOUN,,,,2025,moy_min_bac2025.pdf,114
C09,ECOLE NORMALE SUPERIEURE KOUBA (E.N.S),,False,A_VERIFIER,K00PSN01,MUSIQUE (P.E.S) -- pour bacheliers BORDJ BADJI MOKHTAR,,,,2025,moy_min_bac2025.pdf,114
C09,ECOLE NORMALE SUPERIEURE KOUBA (E.N.S),,False,A_VERIFIER,K00PSN01,MUSIQUE (P.E.S) -- pour bacheliers OULED DJELLAL,,,,2025,moy_min_bac2025.pdf,114
C09,ECOLE NORMALE SUPERIEURE KOUBA (E.N.S),,False,A_VERIFIER,K00PSN01,MUSIQUE (P.E.S) -- pour bacheliers BENI ABBES,,,,2025,moy_min_bac2025.pdf,114
C09,ECOLE NORMALE SUPERIEURE KOUBA (E.N.S),,False,A_VERIFIER,K00PSN01,MUSIQUE (P.E.S) -- pour bacheliers IN SALAH,,,,2025,moy_min_bac2025.pdf,114
C09,ECOLE NORMALE SUPERIEURE KOUBA (E.N.S),,False,A_VERIFIER,K00PSN01,MUSIQUE (P.E.S) -- pour bacheliers IN GUEZZAM,,,,2025,moy_min_bac2025.pdf,114
C09,ECOLE NORMALE SUPERIEURE KOUBA (E.N.S),,False,A_VERIFIER,K00PSN01,MUSIQUE (P.E.S) -- pour bacheliers TOUGGOURT,,,,2025,moy_min_bac2025.pdf,114
C09,ECOLE NORMALE SUPERIEURE KOUBA (E.N.S),,False,A_VERIFIER,K00PSN01,MUSIQUE (P.E.S) -- pour bacheliers DJANET,,,,2025,moy_min_bac2025.pdf,114
C09,ECOLE NORMALE SUPERIEURE KOUBA (E.N.S),,False,A_VERIFIER,K00PSN01,MUSIQUE (P.E.S) -- pour bacheliers EL MGHAIER,,,,2025,moy_min_bac2025.pdf,114
C09,ECOLE NORMALE SUPERIEURE KOUBA (E.N.S),,False,A_VERIFIER,K00PSN01,MUSIQUE (P.E.S) -- pour bacheliers EL MENIAA,,,,2025,moy_min_bac2025.pdf,114
C26,ECOLE NORMALE SUPERIEURE DE BOUZAREAH (E.N.S),,False,A_VERIFIER,H01PML01,LANGUE FRANCAISE (P.E.M) -- pour bacheliers TAMANRASSET,,,,2025,moy_min_bac2025.pdf,114
C26,ECOLE NORMALE SUPERIEURE DE BOUZAREAH (E.N.S),,False,A_VERIFIER,H01PML01,LANGUE FRANCAISE (P.E.M) -- pour bacheliers ALGER,14.02,14.0,,2025,moy_min_bac2025.pdf,114
C26,ECOLE NORMALE SUPERIEURE DE BOUZAREAH (E.N.S),,False,A_VERIFIER,H01PML01,LANGUE FRANCAISE (P.E.M) -- pour bacheliers ILLIZI,14.44,,,2025,moy_min_bac2025.pdf,114
C26,ECOLE NORMALE SUPERIEURE DE BOUZAREAH (E.N.S),,False,A_VERIFIER,H01PML01,LANGUE FRANCAISE (P.E.M) -- pour bacheliers BOUMERDES,14.24,14.04,,2025,moy_min_bac2025.pdf,114
C26,ECOLE NORMALE SUPERIEURE DE BOUZAREAH (E.N.S),,False,A_VERIFIER,H01PML01,LANGUE FRANCAISE (P.E.M) -- pour bacheliers IN SALAH,,,,2025,moy_min_bac2025.pdf,114
C26,ECOLE NORMALE SUPERIEURE DE BOUZAREAH (E.N.S),,False,A_VERIFIER,H01PML01,LANGUE FRANCAISE (P.E.M) -- pour bacheliers IN GUEZZAM,,,,2025,moy_min_bac2025.pdf,114
C26,ECOLE NORMALE SUPERIEURE DE BOUZAREAH (E.N.S),,False,A_VERIFIER,H01PML01,LANGUE FRANCAISE (P.E.M) -- pour bacheliers DJANET,,,,2025,moy_min_bac2025.pdf,114
C26,ECOLE NORMALE SUPERIEURE DE BOUZAREAH (E.N.S),,False,A_VERIFIER,H01PPL01,FRANCAIS (P.E.P) -- pour bacheliers TAMANRASSET,,13.12,,2025,moy_min_bac2025.pdf,115
C26,ECOLE NORMALE SUPERIEURE DE BOUZAREAH (E.N.S),,False,A_VERIFIER,H01PPL01,FRANCAIS (P.E.P) -- pour bacheliers ALGER,13.12,13.72,,2025,moy_min_bac2025.pdf,115
C26,ECOLE NORMALE SUPERIEURE DE BOUZAREAH (E.N.S),,False,A_VERIFIER,H01PPL01,FRANCAIS (P.E.P) -- pour bacheliers ILLIZI,,13.72,,2025,moy_min_bac2025.pdf,115
C26,ECOLE NORMALE SUPERIEURE DE BOUZAREAH (E.N.S),,False,A_VERIFIER,H01PPL01,FRANCAIS (P.E.P) -- pour bacheliers BOUMERDES,13.03,13.56,,2025,moy_min_bac2025.pdf,115
C26,ECOLE NORMALE SUPERIEURE DE BOUZAREAH (E.N.S),,False,A_VERIFIER,H01PPL01,FRANCAIS (P.E.P) -- pour bacheliers IN SALAH,,,,2025,moy_min_bac2025.pdf,115
C26,ECOLE NORMALE SUPERIEURE DE BOUZAREAH (E.N.S),,False,A_VERIFIER,H01PPL01,FRANCAIS (P.E.P) -- pour bacheliers IN GUEZZAM,,,,2025,moy_min_bac2025.pdf,115
C26,ECOLE NORMALE SUPERIEURE DE BOUZAREAH (E.N.S),,False,A_VERIFIER,H01PPL01,FRANCAIS (P.E.P) -- pour bacheliers DJANET,,,,2025,moy_min_bac2025.pdf,115
C26,ECOLE NORMALE SUPERIEURE DE BOUZAREAH (E.N.S),,False,A_VERIFIER,H01PSL01,LANGUE FRANCAISE (P.E.S) -- pour bacheliers TAMANRASSET,,,,2025,moy_min_bac2025.pdf,115
C26,ECOLE NORMALE SUPERIEURE DE BOUZAREAH (E.N.S),,False,A_VERIFIER,H01PSL01,LANGUE FRANCAISE (P.E.S) -- pour bacheliers ALGER,14.09,14.71,,2025,moy_min_bac2025.pdf,115
C26,ECOLE NORMALE SUPERIEURE DE BOUZAREAH (E.N.S),,False,A_VERIFIER,H01PSL01,LANGUE FRANCAISE (P.E.S) -- pour bacheliers ILLIZI,,,,2025,moy_min_bac2025.pdf,115
C26,ECOLE NORMALE SUPERIEURE DE BOUZAREAH (E.N.S),,False,A_VERIFIER,H01PSL01,LANGUE FRANCAISE (P.E.S) -- pour bacheliers BOUMERDES,14.21,14.16,,2025,moy_min_bac2025.pdf,115
C26,ECOLE NORMALE SUPERIEURE DE BOUZAREAH (E.N.S),,False,A_VERIFIER,H01PSL01,LANGUE FRANCAISE (P.E.S) -- pour bacheliers IN SALAH,,,,2025,moy_min_bac2025.pdf,115
C26,ECOLE NORMALE SUPERIEURE DE BOUZAREAH (E.N.S),,False,A_VERIFIER,H01PSL01,LANGUE FRANCAISE (P.E.S) -- pour bacheliers IN GUEZZAM,,,,2025,moy_min_bac2025.pdf,115
C26,ECOLE NORMALE SUPERIEURE DE BOUZAREAH (E.N.S),,False,A_VERIFIER,H01PSL01,LANGUE FRANCAISE (P.E.S) -- pour bacheliers DJANET,,,,2025,moy_min_bac2025.pdf,115
C26,ECOLE NORMALE SUPERIEURE DE BOUZAREAH (E.N.S),,False,A_VERIFIER,H06PML01,LANGUE ANGLAISE (P.E.M) -- pour bacheliers TAMANRASSET,,,,2025,moy_min_bac2025.pdf,116
C26,ECOLE NORMALE SUPERIEURE DE BOUZAREAH (E.N.S),,False,A_VERIFIER,H06PML01,LANGUE ANGLAISE (P.E.M) -- pour bacheliers ALGER,14.47,15.18,,2025,moy_min_bac2025.pdf,116
C26,ECOLE NORMALE SUPERIEURE DE BOUZAREAH (E.N.S),,False,A_VERIFIER,H06PML01,LANGUE ANGLAISE (P.E.M) -- pour bacheliers ILLIZI,,,,2025,moy_min_bac2025.pdf,116
C26,ECOLE NORMALE SUPERIEURE DE BOUZAREAH (E.N.S),,False,A_VERIFIER,H06PML01,LANGUE ANGLAISE (P.E.M) -- pour bacheliers BOUMERDES,14.07,14.81,,2025,moy_min_bac2025.pdf,116
C26,ECOLE NORMALE SUPERIEURE DE BOUZAREAH (E.N.S),,False,A_VERIFIER,H06PML01,LANGUE ANGLAISE (P.E.M) -- pour bacheliers IN SALAH,,,,2025,moy_min_bac2025.pdf,116
C26,ECOLE NORMALE SUPERIEURE DE BOUZAREAH (E.N.S),,False,A_VERIFIER,H06PML01,LANGUE ANGLAISE (P.E.M) -- pour bacheliers IN GUEZZAM,,,,2025,moy_min_bac2025.pdf,116
C26,ECOLE NORMALE SUPERIEURE DE BOUZAREAH (E.N.S),,False,A_VERIFIER,H06PML01,LANGUE ANGLAISE (P.E.M) -- pour bacheliers DJANET,,,,2025,moy_min_bac2025.pdf,116
C26,ECOLE NORMALE SUPERIEURE DE BOUZAREAH (E.N.S),,False,A_VERIFIER,H06PPL01,LANGUE ANGLAISE (P.E.P) -- pour bacheliers TAMANRASSET,13.67,,,2025,moy_min_bac2025.pdf,116
C26,ECOLE NORMALE SUPERIEURE DE BOUZAREAH (E.N.S),,False,A_VERIFIER,H06PPL01,LANGUE ANGLAISE (P.E.P) -- pour bacheliers ALGER,14.25,14.95,,2025,moy_min_bac2025.pdf,116
C26,ECOLE NORMALE SUPERIEURE DE BOUZAREAH (E.N.S),,False,A_VERIFIER,H06PPL01,LANGUE ANGLAISE (P.E.P) -- pour bacheliers ILLIZI,13.03,,,2025,moy_min_bac2025.pdf,116
C26,ECOLE NORMALE SUPERIEURE DE BOUZAREAH (E.N.S),,False,A_VERIFIER,H06PPL01,LANGUE ANGLAISE (P.E.P) -- pour bacheliers BOUMERDES,14.01,14.72,,2025,moy_min_bac2025.pdf,116
C26,ECOLE NORMALE SUPERIEURE DE BOUZAREAH (E.N.S),,False,A_VERIFIER,H06PPL01,LANGUE ANGLAISE (P.E.P) -- pour bacheliers IN SALAH,14.07,13.3,,2025,moy_min_bac2025.pdf,116
C26,ECOLE NORMALE SUPERIEURE DE BOUZAREAH (E.N.S),,False,A_VERIFIER,H06PPL01,LANGUE ANGLAISE (P.E.P) -- pour bacheliers IN GUEZZAM,,,,2025,moy_min_bac2025.pdf,116
C26,ECOLE NORMALE SUPERIEURE DE BOUZAREAH (E.N.S),,False,A_VERIFIER,H06PPL01,LANGUE ANGLAISE (P.E.P) -- pour bacheliers DJANET,,13.73,,2025,moy_min_bac2025.pdf,116
C26,ECOLE NORMALE SUPERIEURE DE BOUZAREAH (E.N.S),,False,A_VERIFIER,H06PSL01,LANGUE ANGLAISE (P.E.S) -- pour bacheliers TAMANRASSET,14.78,14.52,,2025,moy_min_bac2025.pdf,117
C26,ECOLE NORMALE SUPERIEURE DE BOUZAREAH (E.N.S),,False,A_VERIFIER,H06PSL01,LANGUE ANGLAISE (P.E.S) -- pour bacheliers ALGER,15.4,16.24,,2025,moy_min_bac2025.pdf,117
C26,ECOLE NORMALE SUPERIEURE DE BOUZAREAH (E.N.S),,False,A_VERIFIER,H06PSL01,LANGUE ANGLAISE (P.E.S) -- pour bacheliers ILLIZI,15.95,15.42,,2025,moy_min_bac2025.pdf,117
C26,ECOLE NORMALE SUPERIEURE DE BOUZAREAH (E.N.S),,False,A_VERIFIER,H06PSL01,LANGUE ANGLAISE (P.E.S) -- pour bacheliers BOUMERDES,14.97,15.74,,2025,moy_min_bac2025.pdf,117
C26,ECOLE NORMALE SUPERIEURE DE BOUZAREAH (E.N.S),,False,A_VERIFIER,H06PSL01,LANGUE ANGLAISE (P.E.S) -- pour bacheliers IN SALAH,14.77,,,2025,moy_min_bac2025.pdf,117
C26,ECOLE NORMALE SUPERIEURE DE BOUZAREAH (E.N.S),,False,A_VERIFIER,H06PSL01,LANGUE ANGLAISE (P.E.S) -- pour bacheliers IN GUEZZAM,,,,2025,moy_min_bac2025.pdf,117
C26,ECOLE NORMALE SUPERIEURE DE BOUZAREAH (E.N.S),,False,A_VERIFIER,H06PSL01,LANGUE ANGLAISE (P.E.S) -- pour bacheliers DJANET,14.27,,,2025,moy_min_bac2025.pdf,117
C26,ECOLE NORMALE SUPERIEURE DE BOUZAREAH (E.N.S),,False,A_VERIFIER,I00PML01,HISTOIRE GEOGRAPHIE (P.E.M) -- pour bacheliers BLIDA,14.02,14.0,,2025,moy_min_bac2025.pdf,117
C26,ECOLE NORMALE SUPERIEURE DE BOUZAREAH (E.N.S),,False,A_VERIFIER,I00PML01,HISTOIRE GEOGRAPHIE (P.E.M) -- pour bacheliers TAMANRASSET,,,,2025,moy_min_bac2025.pdf,117
C26,ECOLE NORMALE SUPERIEURE DE BOUZAREAH (E.N.S),,False,A_VERIFIER,I00PML01,HISTOIRE GEOGRAPHIE (P.E.M) -- pour bacheliers ALGER,14.0,14.0,,2025,moy_min_bac2025.pdf,117
C26,ECOLE NORMALE SUPERIEURE DE BOUZAREAH (E.N.S),,False,A_VERIFIER,I00PML01,HISTOIRE GEOGRAPHIE (P.E.M) -- pour bacheliers MEDEA,14.01,14.72,,2025,moy_min_bac2025.pdf,117
C26,ECOLE NORMALE SUPERIEURE DE BOUZAREAH (E.N.S),,False,A_VERIFIER,I00PML01,HISTOIRE GEOGRAPHIE (P.E.M) -- pour bacheliers BOUMERDES,14.01,14.03,,2025,moy_min_bac2025.pdf,117
C26,ECOLE NORMALE SUPERIEURE DE BOUZAREAH (E.N.S),,False,A_VERIFIER,I00PML01,HISTOIRE GEOGRAPHIE (P.E.M) -- pour bacheliers TINDOUF,,,,2025,moy_min_bac2025.pdf,117
C26,ECOLE NORMALE SUPERIEURE DE BOUZAREAH (E.N.S),,False,A_VERIFIER,I00PML01,HISTOIRE GEOGRAPHIE (P.E.M) -- pour bacheliers TIPAZA,14.19,15.07,,2025,moy_min_bac2025.pdf,117
C26,ECOLE NORMALE SUPERIEURE DE BOUZAREAH (E.N.S),,False,A_VERIFIER,I00PML01,HISTOIRE GEOGRAPHIE (P.E.M) -- pour bacheliers TIMIMOUN,,,,2025,moy_min_bac2025.pdf,118
C26,ECOLE NORMALE SUPERIEURE DE BOUZAREAH (E.N.S),,False,A_VERIFIER,I00PML01,HISTOIRE GEOGRAPHIE (P.E.M) -- pour bacheliers BORDJ BADJI MOKHTAR,,,,2025,moy_min_bac2025.pdf,118
C26,ECOLE NORMALE SUPERIEURE DE BOUZAREAH (E.N.S),,False,A_VERIFIER,I00PML01,HISTOIRE GEOGRAPHIE (P.E.M) -- pour bacheliers IN SALAH,,,,2025,moy_min_bac2025.pdf,118
C26,ECOLE NORMALE SUPERIEURE DE BOUZAREAH (E.N.S),,False,A_VERIFIER,I00PML01,HISTOIRE GEOGRAPHIE (P.E.M) -- pour bacheliers IN GUEZZAM,,,,2025,moy_min_bac2025.pdf,118
C26,ECOLE NORMALE SUPERIEURE DE BOUZAREAH (E.N.S),,False,A_VERIFIER,I00PSL01,HISTOIRE GEOGRAPHIE (P.E.S) -- pour bacheliers BOUIRA,15.0,15.62,,2025,moy_min_bac2025.pdf,118
C26,ECOLE NORMALE SUPERIEURE DE BOUZAREAH (E.N.S),,False,A_VERIFIER,I00PSL01,HISTOIRE GEOGRAPHIE (P.E.S) -- pour bacheliers TAMANRASSET,,15.26,,2025,moy_min_bac2025.pdf,118
C26,ECOLE NORMALE SUPERIEURE DE BOUZAREAH (E.N.S),,False,A_VERIFIER,I00PSL01,HISTOIRE GEOGRAPHIE (P.E.S) -- pour bacheliers TIZI-OUZOU,14.1,,,2025,moy_min_bac2025.pdf,118
C26,ECOLE NORMALE SUPERIEURE DE BOUZAREAH (E.N.S),,False,A_VERIFIER,I00PSL01,HISTOIRE GEOGRAPHIE (P.E.S) -- pour bacheliers ALGER,14.02,14.72,,2025,moy_min_bac2025.pdf,118
C26,ECOLE NORMALE SUPERIEURE DE BOUZAREAH (E.N.S),,False,A_VERIFIER,I00PSL01,HISTOIRE GEOGRAPHIE (P.E.S) -- pour bacheliers BOUMERDES,14.1,14.0,,2025,moy_min_bac2025.pdf,118
C26,ECOLE NORMALE SUPERIEURE DE BOUZAREAH (E.N.S),,False,A_VERIFIER,I00PSL01,HISTOIRE GEOGRAPHIE (P.E.S) -- pour bacheliers TINDOUF,,14.81,,2025,moy_min_bac2025.pdf,118
C26,ECOLE NORMALE SUPERIEURE DE BOUZAREAH (E.N.S),,False,A_VERIFIER,I00PSL01,HISTOIRE GEOGRAPHIE (P.E.S) -- pour bacheliers TIMIMOUN,15.75,14.12,,2025,moy_min_bac2025.pdf,118
C26,ECOLE NORMALE SUPERIEURE DE BOUZAREAH (E.N.S),,False,A_VERIFIER,I00PSL01,HISTOIRE GEOGRAPHIE (P.E.S) -- pour bacheliers BORDJ BADJI MOKHTAR,,,,2025,moy_min_bac2025.pdf,118
C26,ECOLE NORMALE SUPERIEURE DE BOUZAREAH (E.N.S),,False,A_VERIFIER,I00PSL01,HISTOIRE GEOGRAPHIE (P.E.S) -- pour bacheliers IN SALAH,,,,2025,moy_min_bac2025.pdf,118
C26,ECOLE NORMALE SUPERIEURE DE BOUZAREAH (E.N.S),,False,A_VERIFIER,I00PSL01,HISTOIRE GEOGRAPHIE (P.E.S) -- pour bacheliers IN GUEZZAM,,,,2025,moy_min_bac2025.pdf,118
C26,ECOLE NORMALE SUPERIEURE DE BOUZAREAH (E.N.S),,False,A_VERIFIER,I13PSL01,PHILOSOPHIE (P.E.S) -- pour bacheliers LAGHOUAT,13.91,,,2025,moy_min_bac2025.pdf,119
C26,ECOLE NORMALE SUPERIEURE DE BOUZAREAH (E.N.S),,False,A_VERIFIER,I13PSL01,PHILOSOPHIE (P.E.S) -- pour bacheliers BLIDA,13.7,,,2025,moy_min_bac2025.pdf,119
C26,ECOLE NORMALE SUPERIEURE DE BOUZAREAH (E.N.S),,False,A_VERIFIER,I13PSL01,PHILOSOPHIE (P.E.S) -- pour bacheliers TAMANRASSET,12.73,,,2025,moy_min_bac2025.pdf,119
C26,ECOLE NORMALE SUPERIEURE DE BOUZAREAH (E.N.S),,False,A_VERIFIER,I13PSL01,PHILOSOPHIE (P.E.S) -- pour bacheliers ALGER,13.66,,,2025,moy_min_bac2025.pdf,119
C26,ECOLE NORMALE SUPERIEURE DE BOUZAREAH (E.N.S),,False,A_VERIFIER,I13PSL01,PHILOSOPHIE (P.E.S) -- pour bacheliers DJELFA,13.9,,,2025,moy_min_bac2025.pdf,119
C26,ECOLE NORMALE SUPERIEURE DE BOUZAREAH (E.N.S),,False,A_VERIFIER,I13PSL01,PHILOSOPHIE (P.E.S) -- pour bacheliers MEDEA,13.55,,,2025,moy_min_bac2025.pdf,119
C26,ECOLE NORMALE SUPERIEURE DE BOUZAREAH (E.N.S),,False,A_VERIFIER,I13PSL01,PHILOSOPHIE (P.E.S) -- pour bacheliers MSILA,13.06,,,2025,moy_min_bac2025.pdf,119
C26,ECOLE NORMALE SUPERIEURE DE BOUZAREAH (E.N.S),,False,A_VERIFIER,I13PSL01,PHILOSOPHIE (P.E.S) -- pour bacheliers ILLIZI,,,,2025,moy_min_bac2025.pdf,119
C26,ECOLE NORMALE SUPERIEURE DE BOUZAREAH (E.N.S),,False,A_VERIFIER,I13PSL01,PHILOSOPHIE (P.E.S) -- pour bacheliers BOUMERDES,13.06,,,2025,moy_min_bac2025.pdf,119
C26,ECOLE NORMALE SUPERIEURE DE BOUZAREAH (E.N.S),,False,A_VERIFIER,I13PSL01,PHILOSOPHIE (P.E.S) -- pour bacheliers TINDOUF,13.23,,,2025,moy_min_bac2025.pdf,119
C26,ECOLE NORMALE SUPERIEURE DE BOUZAREAH (E.N.S),,False,A_VERIFIER,I13PSL01,PHILOSOPHIE (P.E.S) -- pour bacheliers TIPAZA,14.25,,,2025,moy_min_bac2025.pdf,119
C26,ECOLE NORMALE SUPERIEURE DE BOUZAREAH (E.N.S),,False,A_VERIFIER,I13PSL01,PHILOSOPHIE (P.E.S) -- pour bacheliers AIN-DEFLA,14.66,,,2025,moy_min_bac2025.pdf,119
C26,ECOLE NORMALE SUPERIEURE DE BOUZAREAH (E.N.S),,False,A_VERIFIER,I13PSL01,PHILOSOPHIE (P.E.S) -- pour bacheliers GHARDAIA,13.45,,,2025,moy_min_bac2025.pdf,119
C26,ECOLE NORMALE SUPERIEURE DE BOUZAREAH (E.N.S),,False,A_VERIFIER,I13PSL01,PHILOSOPHIE (P.E.S) -- pour bacheliers TIMIMOUN,12.19,,,2025,moy_min_bac2025.pdf,119
C26,ECOLE NORMALE SUPERIEURE DE BOUZAREAH (E.N.S),,False,A_VERIFIER,I13PSL01,PHILOSOPHIE (P.E.S) -- pour bacheliers BORDJ BADJI MOKHTAR,,,,2025,moy_min_bac2025.pdf,120
C26,ECOLE NORMALE SUPERIEURE DE BOUZAREAH (E.N.S),,False,A_VERIFIER,I13PSL01,PHILOSOPHIE (P.E.S) -- pour bacheliers IN SALAH,12.15,,,2025,moy_min_bac2025.pdf,120
C26,ECOLE NORMALE SUPERIEURE DE BOUZAREAH (E.N.S),,False,A_VERIFIER,I13PSL01,PHILOSOPHIE (P.E.S) -- pour bacheliers IN GUEZZAM,,,,2025,moy_min_bac2025.pdf,120
C26,ECOLE NORMALE SUPERIEURE DE BOUZAREAH (E.N.S),,False,A_VERIFIER,I13PSL01,PHILOSOPHIE (P.E.S) -- pour bacheliers DJANET,,,,2025,moy_min_bac2025.pdf,120
C26,ECOLE NORMALE SUPERIEURE DE BOUZAREAH (E.N.S),,False,A_VERIFIER,I13PSL01,PHILOSOPHIE (P.E.S) -- pour bacheliers EL MENIAA,12.7,,,2025,moy_min_bac2025.pdf,120
C26,ECOLE NORMALE SUPERIEURE DE BOUZAREAH (E.N.S),,False,A_VERIFIER,J00PPL01,EDUCATION PHYSIQUE ET SPORTIVE (P.E.P) -- pour bacheliers BLIDA,14.13,,,2025,moy_min_bac2025.pdf,120
C26,ECOLE NORMALE SUPERIEURE DE BOUZAREAH (E.N.S),,False,A_VERIFIER,J00PPL01,EDUCATION PHYSIQUE ET SPORTIVE (P.E.P) -- pour bacheliers BOUIRA,14.8,,,2025,moy_min_bac2025.pdf,120
C26,ECOLE NORMALE SUPERIEURE DE BOUZAREAH (E.N.S),,False,A_VERIFIER,J00PPL01,EDUCATION PHYSIQUE ET SPORTIVE (P.E.P) -- pour bacheliers TAMANRASSET,11.29,,,2025,moy_min_bac2025.pdf,120
C26,ECOLE NORMALE SUPERIEURE DE BOUZAREAH (E.N.S),,False,A_VERIFIER,J00PPL01,EDUCATION PHYSIQUE ET SPORTIVE (P.E.P) -- pour bacheliers TIZI-OUZOU,13.19,,,2025,moy_min_bac2025.pdf,120
C26,ECOLE NORMALE SUPERIEURE DE BOUZAREAH (E.N.S),,False,A_VERIFIER,J00PPL01,EDUCATION PHYSIQUE ET SPORTIVE (P.E.P) -- pour bacheliers ALGER,13.69,,,2025,moy_min_bac2025.pdf,120
C26,ECOLE NORMALE SUPERIEURE DE BOUZAREAH (E.N.S),,False,A_VERIFIER,J00PPL01,EDUCATION PHYSIQUE ET SPORTIVE (P.E.P) -- pour bacheliers BOUMERDES,13.94,,,2025,moy_min_bac2025.pdf,120
C26,ECOLE NORMALE SUPERIEURE DE BOUZAREAH (E.N.S),,False,A_VERIFIER,J00PPL01,EDUCATION PHYSIQUE ET SPORTIVE (P.E.P) -- pour bacheliers TIPAZA,14.71,,,2025,moy_min_bac2025.pdf,120
C26,ECOLE NORMALE SUPERIEURE DE BOUZAREAH (E.N.S),,False,A_VERIFIER,J00PPL01,EDUCATION PHYSIQUE ET SPORTIVE (P.E.P) -- pour bacheliers IN SALAH,12.4,,,2025,moy_min_bac2025.pdf,120
C26,ECOLE NORMALE SUPERIEURE DE BOUZAREAH (E.N.S),,False,A_VERIFIER,J00PPL01,EDUCATION PHYSIQUE ET SPORTIVE (P.E.P) -- pour bacheliers IN GUEZZAM,11.08,,,2025,moy_min_bac2025.pdf,120
C26,ECOLE NORMALE SUPERIEURE DE BOUZAREAH (E.N.S),,False,A_VERIFIER,L00PML01,LANGUE ET LITTERATURE ARABES (P.E.M) -- pour bacheliers TAMANRASSET,15.37,,,2025,moy_min_bac2025.pdf,121
C26,ECOLE NORMALE SUPERIEURE DE BOUZAREAH (E.N.S),,False,A_VERIFIER,L00PML01,LANGUE ET LITTERATURE ARABES (P.E.M) -- pour bacheliers ALGER,14.0,14.18,,2025,moy_min_bac2025.pdf,121
C26,ECOLE NORMALE SUPERIEURE DE BOUZAREAH (E.N.S),,False,A_VERIFIER,L00PML01,LANGUE ET LITTERATURE ARABES (P.E.M) -- pour bacheliers ILLIZI,,,,2025,moy_min_bac2025.pdf,121
C26,ECOLE NORMALE SUPERIEURE DE BOUZAREAH (E.N.S),,False,A_VERIFIER,L00PML01,LANGUE ET LITTERATURE ARABES (P.E.M) -- pour bacheliers BOUMERDES,14.04,14.07,,2025,moy_min_bac2025.pdf,121
C26,ECOLE NORMALE SUPERIEURE DE BOUZAREAH (E.N.S),,False,A_VERIFIER,L00PML01,LANGUE ET LITTERATURE ARABES (P.E.M) -- pour bacheliers IN SALAH,,,,2025,moy_min_bac2025.pdf,121
C26,ECOLE NORMALE SUPERIEURE DE BOUZAREAH (E.N.S),,False,A_VERIFIER,L00PML01,LANGUE ET LITTERATURE ARABES (P.E.M) -- pour bacheliers IN GUEZZAM,,,,2025,moy_min_bac2025.pdf,121
C26,ECOLE NORMALE SUPERIEURE DE BOUZAREAH (E.N.S),,False,A_VERIFIER,L00PML01,LANGUE ET LITTERATURE ARABES (P.E.M) -- pour bacheliers DJANET,,,,2025,moy_min_bac2025.pdf,121
C26,ECOLE NORMALE SUPERIEURE DE BOUZAREAH (E.N.S),,False,A_VERIFIER,L00PPL01,ARABE (P.E.P) -- pour bacheliers ALGER,13.0,13.01,,2025,moy_min_bac2025.pdf,121
C26,ECOLE NORMALE SUPERIEURE DE BOUZAREAH (E.N.S),,False,A_VERIFIER,L00PPL01,ARABE (P.E.P) -- pour bacheliers ILLIZI,,,,2025,moy_min_bac2025.pdf,121
C26,ECOLE NORMALE SUPERIEURE DE BOUZAREAH (E.N.S),,False,A_VERIFIER,L00PPL01,ARABE (P.E.P) -- pour bacheliers DJANET,,,,2025,moy_min_bac2025.pdf,121
C26,ECOLE NORMALE SUPERIEURE DE BOUZAREAH (E.N.S),,False,A_VERIFIER,L00PSL01,LANGUE ET LITTERATURE ARABES (P.E.S) -- pour bacheliers BOUIRA,14.84,15.71,,2025,moy_min_bac2025.pdf,121
C26,ECOLE NORMALE SUPERIEURE DE BOUZAREAH (E.N.S),,False,A_VERIFIER,L00PSL01,LANGUE ET LITTERATURE ARABES (P.E.S) -- pour bacheliers TAMANRASSET,,,,2025,moy_min_bac2025.pdf,121
C26,ECOLE NORMALE SUPERIEURE DE BOUZAREAH (E.N.S),,False,A_VERIFIER,L00PSL01,LANGUE ET LITTERATURE ARABES (P.E.S) -- pour bacheliers ALGER,14.63,15.31,,2025,moy_min_bac2025.pdf,121
C26,ECOLE NORMALE SUPERIEURE DE BOUZAREAH (E.N.S),,False,A_VERIFIER,L00PSL01,LANGUE ET LITTERATURE ARABES (P.E.S) -- pour bacheliers ILLIZI,,,,2025,moy_min_bac2025.pdf,121
C26,ECOLE NORMALE SUPERIEURE DE BOUZAREAH (E.N.S),,False,A_VERIFIER,L00PSL01,LANGUE ET LITTERATURE ARABES (P.E.S) -- pour bacheliers BOUMERDES,14.19,14.9,,2025,moy_min_bac2025.pdf,122
C26,ECOLE NORMALE SUPERIEURE DE BOUZAREAH (E.N.S),,False,A_VERIFIER,L00PSL01,LANGUE ET LITTERATURE ARABES (P.E.S) -- pour bacheliers IN SALAH,,,,2025,moy_min_bac2025.pdf,122
C26,ECOLE NORMALE SUPERIEURE DE BOUZAREAH (E.N.S),,False,A_VERIFIER,L00PSL01,LANGUE ET LITTERATURE ARABES (P.E.S) -- pour bacheliers IN GUEZZAM,,,,2025,moy_min_bac2025.pdf,122
C26,ECOLE NORMALE SUPERIEURE DE BOUZAREAH (E.N.S),,False,A_VERIFIER,L00PSL01,LANGUE ET LITTERATURE ARABES (P.E.S) -- pour bacheliers DJANET,15.75,,,2025,moy_min_bac2025.pdf,122
C26,ECOLE NORMALE SUPERIEURE DE BOUZAREAH (E.N.S),,False,A_VERIFIER,M00PPL01,LANGUE AMAZIGHE (P.E.P) -- pour bacheliers ADRAR,,,,2025,moy_min_bac2025.pdf,122
C26,ECOLE NORMALE SUPERIEURE DE BOUZAREAH (E.N.S),,False,A_VERIFIER,M00PPL01,LANGUE AMAZIGHE (P.E.P) -- pour bacheliers CHLEF,13.98,,,2025,moy_min_bac2025.pdf,122
C26,ECOLE NORMALE SUPERIEURE DE BOUZAREAH (E.N.S),,False,A_VERIFIER,M00PPL01,LANGUE AMAZIGHE (P.E.P) -- pour bacheliers LAGHOUAT,,,,2025,moy_min_bac2025.pdf,122
C26,ECOLE NORMALE SUPERIEURE DE BOUZAREAH (E.N.S),,False,A_VERIFIER,M00PPL01,LANGUE AMAZIGHE (P.E.P) -- pour bacheliers BISKRA,13.67,,,2025,moy_min_bac2025.pdf,122
C26,ECOLE NORMALE SUPERIEURE DE BOUZAREAH (E.N.S),,False,A_VERIFIER,M00PPL01,LANGUE AMAZIGHE (P.E.P) -- pour bacheliers BECHAR,13.07,,,2025,moy_min_bac2025.pdf,122
C26,ECOLE NORMALE SUPERIEURE DE BOUZAREAH (E.N.S),,False,A_VERIFIER,M00PPL01,LANGUE AMAZIGHE (P.E.P) -- pour bacheliers BLIDA,13.34,,,2025,moy_min_bac2025.pdf,122
C26,ECOLE NORMALE SUPERIEURE DE BOUZAREAH (E.N.S),,False,A_VERIFIER,M00PPL01,LANGUE AMAZIGHE (P.E.P) -- pour bacheliers TAMANRASSET,10.02,,,2025,moy_min_bac2025.pdf,122
C26,ECOLE NORMALE SUPERIEURE DE BOUZAREAH (E.N.S),,False,A_VERIFIER,M00PPL01,LANGUE AMAZIGHE (P.E.P) -- pour bacheliers TLEMCEN,12.84,,,2025,moy_min_bac2025.pdf,122
C26,ECOLE NORMALE SUPERIEURE DE BOUZAREAH (E.N.S),,False,A_VERIFIER,M00PPL01,LANGUE AMAZIGHE (P.E.P) -- pour bacheliers TIARET,,,,2025,moy_min_bac2025.pdf,122
C26,ECOLE NORMALE SUPERIEURE DE BOUZAREAH (E.N.S),,False,A_VERIFIER,M00PPL01,LANGUE AMAZIGHE (P.E.P) -- pour bacheliers ALGER,13.4,,,2025,moy_min_bac2025.pdf,122
C26,ECOLE NORMALE SUPERIEURE DE BOUZAREAH (E.N.S),,False,A_VERIFIER,M00PPL01,LANGUE AMAZIGHE (P.E.P) -- pour bacheliers DJELFA,13.76,,,2025,moy_min_bac2025.pdf,123
C26,ECOLE NORMALE SUPERIEURE DE BOUZAREAH (E.N.S),,False,A_VERIFIER,M00PPL01,LANGUE AMAZIGHE (P.E.P) -- pour bacheliers JIJEL,,,,2025,moy_min_bac2025.pdf,123
C26,ECOLE NORMALE SUPERIEURE DE BOUZAREAH (E.N.S),,False,A_VERIFIER,M00PPL01,LANGUE AMAZIGHE (P.E.P) -- pour bacheliers SAIDA,13.91,,,2025,moy_min_bac2025.pdf,123
C26,ECOLE NORMALE SUPERIEURE DE BOUZAREAH (E.N.S),,False,A_VERIFIER,M00PPL01,LANGUE AMAZIGHE (P.E.P) -- pour bacheliers SKIKDA,,,,2025,moy_min_bac2025.pdf,123
C26,ECOLE NORMALE SUPERIEURE DE BOUZAREAH (E.N.S),,False,A_VERIFIER,M00PPL01,LANGUE AMAZIGHE (P.E.P) -- pour bacheliers SIDIBEL- ABBES,,,,2025,moy_min_bac2025.pdf,123
C26,ECOLE NORMALE SUPERIEURE DE BOUZAREAH (E.N.S),,False,A_VERIFIER,M00PPL01,LANGUE AMAZIGHE (P.E.P) -- pour bacheliers ANNABA,,,,2025,moy_min_bac2025.pdf,123
C26,ECOLE NORMALE SUPERIEURE DE BOUZAREAH (E.N.S),,False,A_VERIFIER,M00PPL01,LANGUE AMAZIGHE (P.E.P) -- pour bacheliers MEDEA,14.61,,,2025,moy_min_bac2025.pdf,123
C26,ECOLE NORMALE SUPERIEURE DE BOUZAREAH (E.N.S),,False,A_VERIFIER,M00PPL01,LANGUE AMAZIGHE (P.E.P) -- pour bacheliers MOSTAGANEM,,,,2025,moy_min_bac2025.pdf,123
C26,ECOLE NORMALE SUPERIEURE DE BOUZAREAH (E.N.S),,False,A_VERIFIER,M00PPL01,LANGUE AMAZIGHE (P.E.P) -- pour bacheliers MSILA,14.18,,,2025,moy_min_bac2025.pdf,123
C26,ECOLE NORMALE SUPERIEURE DE BOUZAREAH (E.N.S),,False,A_VERIFIER,M00PPL01,LANGUE AMAZIGHE (P.E.P) -- pour bacheliers MASCARA,13.64,,,2025,moy_min_bac2025.pdf,123
C26,ECOLE NORMALE SUPERIEURE DE BOUZAREAH (E.N.S),,False,A_VERIFIER,M00PPL01,LANGUE AMAZIGHE (P.E.P) -- pour bacheliers OUARGLA,,,,2025,moy_min_bac2025.pdf,123
C26,ECOLE NORMALE SUPERIEURE DE BOUZAREAH (E.N.S),,False,A_VERIFIER,M00PPL01,LANGUE AMAZIGHE (P.E.P) -- pour bacheliers ORAN,13.19,,,2025,moy_min_bac2025.pdf,123
C26,ECOLE NORMALE SUPERIEURE DE BOUZAREAH (E.N.S),,False,A_VERIFIER,M00PPL01,LANGUE AMAZIGHE (P.E.P) -- pour bacheliers EL BAYADH,13.89,,,2025,moy_min_bac2025.pdf,123
C26,ECOLE NORMALE SUPERIEURE DE BOUZAREAH (E.N.S),,False,A_VERIFIER,M00PPL01,LANGUE AMAZIGHE (P.E.P) -- pour bacheliers ILLIZI,10.54,,,2025,moy_min_bac2025.pdf,123
C26,ECOLE NORMALE SUPERIEURE DE BOUZAREAH (E.N.S),,False,A_VERIFIER,M00PPL01,LANGUE AMAZIGHE (P.E.P) -- pour bacheliers TINDOUF,10.0,,,2025,moy_min_bac2025.pdf,124
C26,ECOLE NORMALE SUPERIEURE DE BOUZAREAH (E.N.S),,False,A_VERIFIER,M00PPL01,LANGUE AMAZIGHE (P.E.P) -- pour bacheliers TISSEMSILT,14.46,,,2025,moy_min_bac2025.pdf,124
C26,ECOLE NORMALE SUPERIEURE DE BOUZAREAH (E.N.S),,False,A_VERIFIER,M00PPL01,LANGUE AMAZIGHE (P.E.P) -- pour bacheliers EL OUED,,,,2025,moy_min_bac2025.pdf,124
C26,ECOLE NORMALE SUPERIEURE DE BOUZAREAH (E.N.S),,False,A_VERIFIER,M00PPL01,LANGUE AMAZIGHE (P.E.P) -- pour bacheliers SOUK-AHRAS,,,,2025,moy_min_bac2025.pdf,124
C26,ECOLE NORMALE SUPERIEURE DE BOUZAREAH (E.N.S),,False,A_VERIFIER,M00PPL01,LANGUE AMAZIGHE (P.E.P) -- pour bacheliers TIPAZA,,,,2025,moy_min_bac2025.pdf,124
C26,ECOLE NORMALE SUPERIEURE DE BOUZAREAH (E.N.S),,False,A_VERIFIER,M00PPL01,LANGUE AMAZIGHE (P.E.P) -- pour bacheliers AIN-DEFLA,14.38,,,2025,moy_min_bac2025.pdf,124
C26,ECOLE NORMALE SUPERIEURE DE BOUZAREAH (E.N.S),,False,A_VERIFIER,M00PPL01,LANGUE AMAZIGHE (P.E.P) -- pour bacheliers NAAMA,13.8,,,2025,moy_min_bac2025.pdf,124
C26,ECOLE NORMALE SUPERIEURE DE BOUZAREAH (E.N.S),,False,A_VERIFIER,M00PPL01,LANGUE AMAZIGHE (P.E.P) -- pour bacheliers AIN- TEMOUCHENT,14.28,,,2025,moy_min_bac2025.pdf,124
C26,ECOLE NORMALE SUPERIEURE DE BOUZAREAH (E.N.S),,False,A_VERIFIER,M00PPL01,LANGUE AMAZIGHE (P.E.P) -- pour bacheliers GHARDAIA,12.83,,,2025,moy_min_bac2025.pdf,124
C26,ECOLE NORMALE SUPERIEURE DE BOUZAREAH (E.N.S),,False,A_VERIFIER,M00PPL01,LANGUE AMAZIGHE (P.E.P) -- pour bacheliers RELIZANE,14.52,,,2025,moy_min_bac2025.pdf,124
C26,ECOLE NORMALE SUPERIEURE DE BOUZAREAH (E.N.S),,False,A_VERIFIER,M00PPL01,LANGUE AMAZIGHE (P.E.P) -- pour bacheliers TIMIMOUN,12.45,,,2025,moy_min_bac2025.pdf,124
C26,ECOLE NORMALE SUPERIEURE DE BOUZAREAH (E.N.S),,False,A_VERIFIER,M00PPL01,LANGUE AMAZIGHE (P.E.P) -- pour bacheliers BORDJ BADJI MOKHTAR,,,,2025,moy_min_bac2025.pdf,124
C26,ECOLE NORMALE SUPERIEURE DE BOUZAREAH (E.N.S),,False,A_VERIFIER,M00PPL01,LANGUE AMAZIGHE (P.E.P) -- pour bacheliers OULED DJELLAL,,,,2025,moy_min_bac2025.pdf,124
C26,ECOLE NORMALE SUPERIEURE DE BOUZAREAH (E.N.S),,False,A_VERIFIER,M00PPL01,LANGUE AMAZIGHE (P.E.P) -- pour bacheliers BENI ABBES,10.85,,,2025,moy_min_bac2025.pdf,124
C26,ECOLE NORMALE SUPERIEURE DE BOUZAREAH (E.N.S),,False,A_VERIFIER,M00PPL01,LANGUE AMAZIGHE (P.E.P) -- pour bacheliers IN SALAH,,,,2025,moy_min_bac2025.pdf,125
C26,ECOLE NORMALE SUPERIEURE DE BOUZAREAH (E.N.S),,False,A_VERIFIER,M00PPL01,LANGUE AMAZIGHE (P.E.P) -- pour bacheliers IN GUEZZAM,,,,2025,moy_min_bac2025.pdf,125
C26,ECOLE NORMALE SUPERIEURE DE BOUZAREAH (E.N.S),,False,A_VERIFIER,M00PPL01,LANGUE AMAZIGHE (P.E.P) -- pour bacheliers TOUGGOURT,,,,2025,moy_min_bac2025.pdf,125
C26,ECOLE NORMALE SUPERIEURE DE BOUZAREAH (E.N.S),,False,A_VERIFIER,M00PPL01,LANGUE AMAZIGHE (P.E.P) -- pour bacheliers DJANET,,,,2025,moy_min_bac2025.pdf,125
C26,ECOLE NORMALE SUPERIEURE DE BOUZAREAH (E.N.S),,False,A_VERIFIER,M00PPL01,LANGUE AMAZIGHE (P.E.P) -- pour bacheliers EL MGHAIER,,,,2025,moy_min_bac2025.pdf,125
C26,ECOLE NORMALE SUPERIEURE DE BOUZAREAH (E.N.S),,False,A_VERIFIER,M00PPL01,LANGUE AMAZIGHE (P.E.P) -- pour bacheliers EL MENIAA,,,,2025,moy_min_bac2025.pdf,125
B30,UNIVERSITE DE M SILA (ECOLE NORMALE SUPERIEURE DE BOU SAADA),,False,A_VERIFIER,H01PML01,LANGUE FRANCAISE (P.E.M) -- pour bacheliers MSILA,,14.0,,2025,moy_min_bac2025.pdf,174
B30,UNIVERSITE DE M SILA (ECOLE NORMALE SUPERIEURE DE BOU SAADA),,False,A_VERIFIER,H01PPL01,FRANCAIS (P.E.P) -- pour bacheliers MSILA,13.02,13.65,,2025,moy_min_bac2025.pdf,174
B30,UNIVERSITE DE M SILA (ECOLE NORMALE SUPERIEURE DE BOU SAADA),,False,A_VERIFIER,H06PML01,LANGUE ANGLAISE (P.E.M) -- pour bacheliers MSILA,14.6,15.31,,2025,moy_min_bac2025.pdf,174
B30,UNIVERSITE DE M SILA (ECOLE NORMALE SUPERIEURE DE BOU SAADA),,False,A_VERIFIER,H06PPL01,LANGUE ANGLAISE (P.E.P) -- pour bacheliers BISKRA,13.73,14.43,,2025,moy_min_bac2025.pdf,174
B30,UNIVERSITE DE M SILA (ECOLE NORMALE SUPERIEURE DE BOU SAADA),,False,A_VERIFIER,H06PPL01,LANGUE ANGLAISE (P.E.P) -- pour bacheliers MSILA,14.96,15.82,,2025,moy_min_bac2025.pdf,174
B30,UNIVERSITE DE M SILA (ECOLE NORMALE SUPERIEURE DE BOU SAADA),,False,A_VERIFIER,H06PPL01,LANGUE ANGLAISE (P.E.P) -- pour bacheliers B.B.ARRERIDJ,14.57,15.2,,2025,moy_min_bac2025.pdf,174
B30,UNIVERSITE DE M SILA (ECOLE NORMALE SUPERIEURE DE BOU SAADA),,False,A_VERIFIER,H06PPL01,LANGUE ANGLAISE (P.E.P) -- pour bacheliers OULED DJELLAL,13.21,13.49,,2025,moy_min_bac2025.pdf,174
B30,UNIVERSITE DE M SILA (ECOLE NORMALE SUPERIEURE DE BOU SAADA),,False,A_VERIFIER,J00PML01,EDUCATION PHYSIQUE ET SPORTIVE (P.E.M) -- pour bacheliers BISKRA,14.27,,,2025,moy_min_bac2025.pdf,174
B30,UNIVERSITE DE M SILA (ECOLE NORMALE SUPERIEURE DE BOU SAADA),,False,A_VERIFIER,J00PML01,EDUCATION PHYSIQUE ET SPORTIVE (P.E.M) -- pour bacheliers MSILA,14.92,,,2025,moy_min_bac2025.pdf,174
B30,UNIVERSITE DE M SILA (ECOLE NORMALE SUPERIEURE DE BOU SAADA),,False,A_VERIFIER,J00PML01,EDUCATION PHYSIQUE ET SPORTIVE (P.E.M) -- pour bacheliers B.B.ARRERIDJ,13.76,,,2025,moy_min_bac2025.pdf,174
B30,UNIVERSITE DE M SILA (ECOLE NORMALE SUPERIEURE DE BOU SAADA),,False,A_VERIFIER,J00PML01,EDUCATION PHYSIQUE ET SPORTIVE (P.E.M) -- pour bacheliers EL OUED,14.05,,,2025,moy_min_bac2025.pdf,174
B30,UNIVERSITE DE M SILA (ECOLE NORMALE SUPERIEURE DE BOU SAADA),,False,A_VERIFIER,J00PML01,EDUCATION PHYSIQUE ET SPORTIVE (P.E.M) -- pour bacheliers EL MGHAIER,13.28,,,2025,moy_min_bac2025.pdf,174
B30,UNIVERSITE DE M SILA (ECOLE NORMALE SUPERIEURE DE BOU SAADA),,False,A_VERIFIER,J00PPL01,EDUCATION PHYSIQUE ET SPORTIVE (P.E.P) -- pour bacheliers BISKRA,13.76,,,2025,moy_min_bac2025.pdf,174
B30,UNIVERSITE DE M SILA (ECOLE NORMALE SUPERIEURE DE BOU SAADA),,False,A_VERIFIER,J00PPL01,EDUCATION PHYSIQUE ET SPORTIVE (P.E.P) -- pour bacheliers MSILA,14.71,,,2025,moy_min_bac2025.pdf,174
B30,UNIVERSITE DE M SILA (ECOLE NORMALE SUPERIEURE DE BOU SAADA),,False,A_VERIFIER,J00PPL01,EDUCATION PHYSIQUE ET SPORTIVE (P.E.P) -- pour bacheliers B.B.ARRERIDJ,14.24,,,2025,moy_min_bac2025.pdf,175
B30,UNIVERSITE DE M SILA (ECOLE NORMALE SUPERIEURE DE BOU SAADA),,False,A_VERIFIER,J00PPL01,EDUCATION PHYSIQUE ET SPORTIVE (P.E.P) -- pour bacheliers OULED DJELLAL,14.18,,,2025,moy_min_bac2025.pdf,175
B30,UNIVERSITE DE M SILA (ECOLE NORMALE SUPERIEURE DE BOU SAADA),,False,A_VERIFIER,J00PSL01,EDUCATION PHYSIQUE ET SPORTIVE (P.E.S) -- pour bacheliers BISKRA,14.37,,,2025,moy_min_bac2025.pdf,175
B30,UNIVERSITE DE M SILA (ECOLE NORMALE SUPERIEURE DE BOU SAADA),,False,A_VERIFIER,J00PSL01,EDUCATION PHYSIQUE ET SPORTIVE (P.E.S) -- pour bacheliers MSILA,15.77,,,2025,moy_min_bac2025.pdf,175
B30,UNIVERSITE DE M SILA (ECOLE NORMALE SUPERIEURE DE BOU SAADA),,False,A_VERIFIER,J00PSL01,EDUCATION PHYSIQUE ET SPORTIVE (P.E.S) -- pour bacheliers B.B.ARRERIDJ,15.08,,,2025,moy_min_bac2025.pdf,175
B30,UNIVERSITE DE M SILA (ECOLE NORMALE SUPERIEURE DE BOU SAADA),,False,A_VERIFIER,J00PSL01,EDUCATION PHYSIQUE ET SPORTIVE (P.E.S) -- pour bacheliers EL OUED,15.09,,,2025,moy_min_bac2025.pdf,175
B30,UNIVERSITE DE M SILA (ECOLE NORMALE SUPERIEURE DE BOU SAADA),,False,A_VERIFIER,J00PSL01,EDUCATION PHYSIQUE ET SPORTIVE (P.E.S) -- pour bacheliers EL MGHAIER,14.03,,,2025,moy_min_bac2025.pdf,175
B30,UNIVERSITE DE M SILA (ECOLE NORMALE SUPERIEURE DE BOU SAADA),,False,A_VERIFIER,L00PML01,LANGUE ET LITTERATURE ARABES (P.E.M) -- pour bacheliers MSILA,14.03,14.42,,2025,moy_min_bac2025.pdf,175
B30,UNIVERSITE DE M SILA (ECOLE NORMALE SUPERIEURE DE BOU SAADA),,False,A_VERIFIER,L00PPL01,ARABE (P.E.P) -- pour bacheliers MSILA,13.41,14.07,,2025,moy_min_bac2025.pdf,175
E48,ECOLE NORMALE SUPERIEURE DE BOU SAADA,,False,A_VERIFIER,B00PML01,SCIENCES PHYSIQUE ET TECHNOLOGIE (P.E.M) -- pour bacheliers BISKRA,14.55,14.96,,2025,moy_min_bac2025.pdf,175
E48,ECOLE NORMALE SUPERIEURE DE BOU SAADA,,False,A_VERIFIER,B00PML01,SCIENCES PHYSIQUE ET TECHNOLOGIE (P.E.M) -- pour bacheliers MSILA,15.25,16.09,,2025,moy_min_bac2025.pdf,175
E48,ECOLE NORMALE SUPERIEURE DE BOU SAADA,,False,A_VERIFIER,B00PML01,SCIENCES PHYSIQUE ET TECHNOLOGIE (P.E.M) -- pour bacheliers OULED DJELLAL,15.0,,,2025,moy_min_bac2025.pdf,175
E48,ECOLE NORMALE SUPERIEURE DE BOU SAADA,,False,A_VERIFIER,B00PSL01,SCIENCES PHYSIQUES (P.E.S.) -- pour bacheliers MSILA,15.91,16.77,,2025,moy_min_bac2025.pdf,175
E48,ECOLE NORMALE SUPERIEURE DE BOU SAADA,,False,A_VERIFIER,C02PML01,MATHEMATIQUES (P.E.M) -- pour bacheliers MSILA,15.1,15.83,,2025,moy_min_bac2025.pdf,175
E48,ECOLE NORMALE SUPERIEURE DE BOU SAADA,,False,A_VERIFIER,C02PML01,MATHEMATIQUES (P.E.M) -- pour bacheliers OULED DJELLAL,14.06,14.27,,2025,moy_min_bac2025.pdf,175
E48,ECOLE NORMALE SUPERIEURE DE BOU SAADA,,False,A_VERIFIER,C02PSL01,MATHEMATIQUES (P.E.S.) -- pour bacheliers MSILA,15.9,16.7,,2025,moy_min_bac2025.pdf,176
E48,ECOLE NORMALE SUPERIEURE DE BOU SAADA,,False,A_VERIFIER,C02PSL01,MATHEMATIQUES (P.E.S.) -- pour bacheliers OULED DJELLAL,15.71,16.43,,2025,moy_min_bac2025.pdf,176
E48,ECOLE NORMALE SUPERIEURE DE BOU SAADA,,False,A_VERIFIER,H01PSL01,LANGUE FRANCAISE (P.E.S) -- pour bacheliers MSILA,14.09,14.33,,2025,moy_min_bac2025.pdf,176
E48,ECOLE NORMALE SUPERIEURE DE BOU SAADA,,False,A_VERIFIER,H01PSL01,LANGUE FRANCAISE (P.E.S) -- pour bacheliers OULED DJELLAL,14.24,15.72,,2025,moy_min_bac2025.pdf,176
E48,ECOLE NORMALE SUPERIEURE DE BOU SAADA,,False,A_VERIFIER,L00PSL01,LANGUE ET LITTERATURE ARABES (P.E.S) -- pour bacheliers MSILA,15.38,16.06,,2025,moy_min_bac2025.pdf,176
B10,ANNEXE KHEMIS MILIANA (ECOLE NORMALE SUPERIEURE DE BOUZAREAH),,False,A_VERIFIER,C02PML01,MATHEMATIQUES (P.E.M) -- pour bacheliers AIN-DEFLA,14.61,15.3,,2025,moy_min_bac2025.pdf,206
B10,ANNEXE KHEMIS MILIANA (ECOLE NORMALE SUPERIEURE DE BOUZAREAH),,False,A_VERIFIER,C02PSL01,MATHEMATIQUES (P.E.S.) -- pour bacheliers TIPAZA,15.02,15.85,,2025,moy_min_bac2025.pdf,206
B10,ANNEXE KHEMIS MILIANA (ECOLE NORMALE SUPERIEURE DE BOUZAREAH),,False,A_VERIFIER,C02PSL01,MATHEMATIQUES (P.E.S.) -- pour bacheliers AIN-DEFLA,15.76,16.62,,2025,moy_min_bac2025.pdf,206
B10,ANNEXE KHEMIS MILIANA (ECOLE NORMALE SUPERIEURE DE BOUZAREAH),,False,A_VERIFIER,H01PML01,LANGUE FRANCAISE (P.E.M) -- pour bacheliers BLIDA,,,,2025,moy_min_bac2025.pdf,207
B10,ANNEXE KHEMIS MILIANA (ECOLE NORMALE SUPERIEURE DE BOUZAREAH),,False,A_VERIFIER,H01PML01,LANGUE FRANCAISE (P.E.M) -- pour bacheliers AIN-DEFLA,14.0,14.02,,2025,moy_min_bac2025.pdf,207
B10,ANNEXE KHEMIS MILIANA (ECOLE NORMALE SUPERIEURE DE BOUZAREAH),,False,A_VERIFIER,H01PPL01,FRANCAIS (P.E.P) -- pour bacheliers TIPAZA,13.04,13.43,,2025,moy_min_bac2025.pdf,207
B10,ANNEXE KHEMIS MILIANA (ECOLE NORMALE SUPERIEURE DE BOUZAREAH),,False,A_VERIFIER,H01PPL01,FRANCAIS (P.E.P) -- pour bacheliers AIN-DEFLA,13.54,14.24,,2025,moy_min_bac2025.pdf,207
B10,ANNEXE KHEMIS MILIANA (ECOLE NORMALE SUPERIEURE DE BOUZAREAH),,False,A_VERIFIER,H01PSL01,LANGUE FRANCAISE (P.E.S) -- pour bacheliers TIPAZA,14.07,14.62,,2025,moy_min_bac2025.pdf,207
B10,ANNEXE KHEMIS MILIANA (ECOLE NORMALE SUPERIEURE DE BOUZAREAH),,False,A_VERIFIER,H01PSL01,LANGUE FRANCAISE (P.E.S) -- pour bacheliers AIN-DEFLA,14.5,14.91,,2025,moy_min_bac2025.pdf,207
B10,ANNEXE KHEMIS MILIANA (ECOLE NORMALE SUPERIEURE DE BOUZAREAH),,False,A_VERIFIER,H06PML01,LANGUE ANGLAISE (P.E.M) -- pour bacheliers BLIDA,14.04,14.03,,2025,moy_min_bac2025.pdf,207
B10,ANNEXE KHEMIS MILIANA (ECOLE NORMALE SUPERIEURE DE BOUZAREAH),,False,A_VERIFIER,H06PML01,LANGUE ANGLAISE (P.E.M) -- pour bacheliers AIN-DEFLA,14.63,15.33,,2025,moy_min_bac2025.pdf,207
B10,ANNEXE KHEMIS MILIANA (ECOLE NORMALE SUPERIEURE DE BOUZAREAH),,False,A_VERIFIER,H06PPL01,LANGUE ANGLAISE (P.E.P) -- pour bacheliers BLIDA,13.66,14.57,,2025,moy_min_bac2025.pdf,207
B10,ANNEXE KHEMIS MILIANA (ECOLE NORMALE SUPERIEURE DE BOUZAREAH),,False,A_VERIFIER,H06PPL01,LANGUE ANGLAISE (P.E.P) -- pour bacheliers TIPAZA,13.9,14.81,,2025,moy_min_bac2025.pdf,207
B10,ANNEXE KHEMIS MILIANA (ECOLE NORMALE SUPERIEURE DE BOUZAREAH),,False,A_VERIFIER,H06PPL01,LANGUE ANGLAISE (P.E.P) -- pour bacheliers AIN-DEFLA,14.64,15.31,,2025,moy_min_bac2025.pdf,207
B10,ANNEXE KHEMIS MILIANA (ECOLE NORMALE SUPERIEURE DE BOUZAREAH),,False,A_VERIFIER,H06PSL01,LANGUE ANGLAISE (P.E.S) -- pour bacheliers TIPAZA,15.57,16.47,,2025,moy_min_bac2025.pdf,207
B10,ANNEXE KHEMIS MILIANA (ECOLE NORMALE SUPERIEURE DE BOUZAREAH),,False,A_VERIFIER,H06PSL01,LANGUE ANGLAISE (P.E.S) -- pour bacheliers AIN-DEFLA,15.75,16.83,,2025,moy_min_bac2025.pdf,207
B10,ANNEXE KHEMIS MILIANA (ECOLE NORMALE SUPERIEURE DE BOUZAREAH),,False,A_VERIFIER,I00PSL01,HISTOIRE GEOGRAPHIE (P.E.S) -- pour bacheliers MEDEA,14.52,15.25,,2025,moy_min_bac2025.pdf,207
B10,ANNEXE KHEMIS MILIANA (ECOLE NORMALE SUPERIEURE DE BOUZAREAH),,False,A_VERIFIER,I00PSL01,HISTOIRE GEOGRAPHIE (P.E.S) -- pour bacheliers TIPAZA,14.77,14.51,,2025,moy_min_bac2025.pdf,208
B10,ANNEXE KHEMIS MILIANA (ECOLE NORMALE SUPERIEURE DE BOUZAREAH),,False,A_VERIFIER,I00PSL01,HISTOIRE GEOGRAPHIE (P.E.S) -- pour bacheliers AIN-DEFLA,15.07,15.57,,2025,moy_min_bac2025.pdf,208
B10,ANNEXE KHEMIS MILIANA (ECOLE NORMALE SUPERIEURE DE BOUZAREAH),,False,A_VERIFIER,L00PML01,LANGUE ET LITTERATURE ARABES (P.E.M) -- pour bacheliers BLIDA,14.2,14.0,,2025,moy_min_bac2025.pdf,208
B10,ANNEXE KHEMIS MILIANA (ECOLE NORMALE SUPERIEURE DE BOUZAREAH),,False,A_VERIFIER,L00PML01,LANGUE ET LITTERATURE ARABES (P.E.M) -- pour bacheliers AIN-DEFLA,14.07,14.77,,2025,moy_min_bac2025.pdf,208
B10,ANNEXE KHEMIS MILIANA (ECOLE NORMALE SUPERIEURE DE BOUZAREAH),,False,A_VERIFIER,L00PPL01,ARABE (P.E.P) -- pour bacheliers AIN-DEFLA,13.29,13.98,,2025,moy_min_bac2025.pdf,208
B10,ANNEXE KHEMIS MILIANA (ECOLE NORMALE SUPERIEURE DE BOUZAREAH),,False,A_VERIFIER,L00PSL01,LANGUE ET LITTERATURE ARABES (P.E.S) -- pour bacheliers AIN-DEFLA,14.76,15.5,,2025,moy_min_bac2025.pdf,208
Z55,CENTRE DE FORMATION CONTINUE D EL KHARROUBA,,False,A_VERIFIER,F00FCL07,SCIENCES ECONOMIQUES DE GESTION ET SCIENCES COMMERCIALES (FORMATION CONTINUE),10.37,10.01,10.11,2025,moy_min_bac2025.pdf,267
Z55,CENTRE DE FORMATION CONTINUE D EL KHARROUBA,,False,A_VERIFIER,G02FCL07,DROIT (FORMATION CONTINUE),10.0,10.16,,2025,moy_min_bac2025.pdf,268
Z55,CENTRE DE FORMATION CONTINUE D EL KHARROUBA,,False,A_VERIFIER,H06FCL04,ANGLAIS TECHNIQUE (FORMATION CONTINUE),10.02,10.0,10.07,2025,moy_min_bac2025.pdf,268
Z51,CENTRE DE FORMATION CONTINUE DE BAB EZZOUAR,,False,A_VERIFIER,F00FCL03,SCIENCES ECONOMIQUES DE GESTION ET SCIENCES COMMERCIALES (FORMATION CONTINUE),10.02,10.32,11.54,2025,moy_min_bac2025.pdf,268
Z51,CENTRE DE FORMATION CONTINUE DE BAB EZZOUAR,,False,A_VERIFIER,G02FCL03,DROIT (FORMATION CONTINUE),10.0,10.0,10.0,2025,moy_min_bac2025.pdf,268
Z52,CENTRE DE FORMATION CONTINUE DE BEN AKNOUN,,False,A_VERIFIER,F00FCL04,SCIENCES ECONOMIQUES DE GESTION ET SCIENCES COMMERCIALES (FORMATION CONTINUE),10.48,11.59,13.35,2025,moy_min_bac2025.pdf,268
Z52,CENTRE DE FORMATION CONTINUE DE BEN AKNOUN,,False,A_VERIFIER,G02FCL04,DROIT (FORMATION CONTINUE),10.0,10.0,10.31,2025,moy_min_bac2025.pdf,268
Z29,CENTRE DE FORMATION CONTINUE ELBAYADH,,False,A_VERIFIER,F00FCL01,SCIENCES ECONOMIQUES DE GESTION ET SCIENCES COMMERCIALES (FORMATION CONTINUE),10.22,10.17,11.32,2025,moy_min_bac2025.pdf,271
Z29,CENTRE DE FORMATION CONTINUE ELBAYADH,,False,A_VERIFIER,G02FCL01,DROIT (FORMATION CONTINUE),10.12,10.74,,2025,moy_min_bac2025.pdf,271
Z29,CENTRE DE FORMATION CONTINUE ELBAYADH,,False,A_VERIFIER,H06FCL05,ANGLAIS TECHNIQUE (FORMATION CONTINUE),10.0,10.18,10.3,2025,moy_min_bac2025.pdf,271
Z29,CENTRE DE FORMATION CONTINUE ELBAYADH,,False,A_VERIFIER,I03FCL01,SCIENCES HUMAINES (FORMATION CONTINUE),10.5,,,2025,moy_min_bac2025.pdf,271
Z47,CENTRE DE FORMATION CONTINUE BORD BOU ARRERIDJ,,False,A_VERIFIER,F00FCL01,SCIENCES ECONOMIQUES DE GESTION ET SCIENCES COMMERCIALES (FORMATION CONTINUE),10.13,10.0,10.0,2025,moy_min_bac2025.pdf,271
Z47,CENTRE DE FORMATION CONTINUE BORD BOU ARRERIDJ,,False,A_VERIFIER,G02FCL01,DROIT (FORMATION CONTINUE),10.09,10.66,,2025,moy_min_bac2025.pdf,271
Z47,CENTRE DE FORMATION CONTINUE BORD BOU ARRERIDJ,,False,A_VERIFIER,H06FCL05,ANGLAIS TECHNIQUE (FORMATION CONTINUE),10.02,10.0,10.08,2025,moy_min_bac2025.pdf,271
Z47,CENTRE DE FORMATION CONTINUE BORD BOU ARRERIDJ,,False,A_VERIFIER,I03FCL01,SCIENCES HUMAINES (FORMATION CONTINUE),10.21,10.88,,2025,moy_min_bac2025.pdf,271
Z45,CENTRE DE FORMATION CONTINUE ELTARF,,False,A_VERIFIER,F00FCL01,SCIENCES ECONOMIQUES DE GESTION ET SCIENCES COMMERCIALES (FORMATION CONTINUE),10.0,10.0,10.08,2025,moy_min_bac2025.pdf,271
Z45,CENTRE DE FORMATION CONTINUE ELTARF,,False,A_VERIFIER,G02FCL01,DROIT (FORMATION CONTINUE),10.11,10.0,10.02,2025,moy_min_bac2025.pdf,271
Z11,CENTRE DE FORMATION CONTINUE ELOUED,,False,A_VERIFIER,F00FCL01,SCIENCES ECONOMIQUES DE GESTION ET SCIENCES COMMERCIALES (FORMATION CONTINUE),10.47,10.03,,2025,moy_min_bac2025.pdf,272
Z11,CENTRE DE FORMATION CONTINUE ELOUED,,False,A_VERIFIER,G02FCL01,DROIT (FORMATION CONTINUE),10.02,10.05,,2025,moy_min_bac2025.pdf,272
Z11,CENTRE DE FORMATION CONTINUE ELOUED,,False,A_VERIFIER,H06FCL05,ANGLAIS TECHNIQUE (FORMATION CONTINUE),10.03,10.17,10.0,2025,moy_min_bac2025.pdf,272
Z11,CENTRE DE FORMATION CONTINUE ELOUED,,False,A_VERIFIER,I03FCL01,SCIENCES HUMAINES (FORMATION CONTINUE),10.12,10.26,,2025,moy_min_bac2025.pdf,272
Z36,CENTRE DE FORMATION CONTINUE KHEMIS MILIANA,,False,A_VERIFIER,F00FCL01,SCIENCES ECONOMIQUES DE GESTION ET SCIENCES COMMERCIALES (FORMATION CONTINUE),10.03,10.01,10.02,2025,moy_min_bac2025.pdf,273
Z36,CENTRE DE FORMATION CONTINUE KHEMIS MILIANA,,False,A_VERIFIER,G02FCL01,DROIT (FORMATION CONTINUE),10.0,10.02,10.31,2025,moy_min_bac2025.pdf,273
Z36,CENTRE DE FORMATION CONTINUE KHEMIS MILIANA,,False,A_VERIFIER,H06FCL05,ANGLAIS TECHNIQUE (FORMATION CONTINUE),10.0,10.02,10.0,2025,moy_min_bac2025.pdf,273
Z36,CENTRE DE FORMATION CONTINUE KHEMIS MILIANA,,False,A_VERIFIER,I03FCL01,SCIENCES HUMAINES (FORMATION CONTINUE),10.0,10.03,,2025,moy_min_bac2025.pdf,273
